driverId,driverRef,code,forename,surname,dob,nationality,meanPositionOrder
1,hamilton,HAM,Lewis,Hamilton,473904000,British,4.8
2,heidfeld,HEI,Nick,Heidfeld,232070400,German,10.7
3,rosberg,ROS,Nico,Rosberg,488678400,German,8.3
4,alonso,ALO,Fernando,Alonso,365212800,Spanish,8.4
5,kovalainen,KOV,Heikki,Kovalainen,372297600,Finnish,13.3
6,nakajima,NAK,Kazuki,Nakajima,474249600,Japanese,13.1
7,bourdais,BOU,Sébastien,Bourdais,289008000,French,14.1
8,raikkonen,RAI,Kimi,Räikkönen,308966400,Finnish,8.5
9,kubica,KUB,Robert,Kubica,471225600,Polish,10.6
10,glock,GLO,Timo,Glock,385257600,German,15.2
11,sato,SAT,Takuma,Sato,223257600,Japanese,13.5
12,piquet_jr,PIQ,Nelson,Piquet Jr.,491097600,Brazilian,13.4
13,massa,MAS,Felipe,Massa,357004800,Brazilian,9.0
14,coulthard,COU,David,Coulthard,38880000,British,9.5
15,trulli,TRU,Jarno,Trulli,142905600,Italian,12.4
16,sutil,SUT,Adrian,Sutil,411091200,German,14.5
17,webber,WEB,Mark,Webber,209952000,Australian,9.8
18,button,BUT,Jenson,Button,317088000,British,9.7
19,davidson,DAV,Anthony,Davidson,293241600,British,16.2
20,vettel,VET,Sebastian,Vettel,552268800,German,7.1
21,fisichella,FIS,Giancarlo,Fisichella,95817600,Italian,11.0
22,barrichello,BAR,Rubens,Barrichello,75427200,Brazilian,10.3
23,ralf_schumacher,SCH,Ralf,Schumacher,173318400,German,9.9
24,liuzzi,LIU,Vitantonio,Liuzzi,334368000,Italian,15.9
25,wurz,WUR,Alexander,Wurz,130118400,Austrian,11.4
26,speed,SPE,Scott,Speed,412214400,American,15.1
27,albers,ALB,Christijan,Albers,293068800,Dutch,15.7
28,markus_winkelhock,WIN,Markus,Winkelhock,329702400,German,17.0
29,yamamoto,YAM,Sakon,Yamamoto,395020800,Japanese,18.5
30,michael_schumacher,MSC,Michael,Schumacher,-31363200,German,6.9
31,montoya,MON,Juan,Pablo Montoya,180403200,Colombian,8.5
32,klien,KLI,Christian,Klien,413424000,Austrian,13.7
33,monteiro,TMO,Tiago,Monteiro,207014400,Portuguese,14.4
34,ide,IDE,Yuji,Ide,159494400,Japanese,17.2
35,villeneuve,VIL,Jacques,Villeneuve,40003200,Canadian,10.3
36,montagny,FMO,Franck,Montagny,252806400,French,18.7
37,rosa,DLR,Pedro,de la Rosa,36201600,Spanish,15.3
38,doornbos,DOO,Robert,Doornbos,370051200,Dutch,14.8
39,karthikeyan,KAR,Narain,Karthikeyan,222048000,Indian,18.5
40,friesacher,FRI,Patrick,Friesacher,338774400,Austrian,16.0
41,zonta,ZON,Ricardo,Zonta,196387200,Brazilian,13.4
42,pizzonia,PIZ,Antônio,Pizzonia,337478400,Brazilian,12.9
43,matta,\N,Cristiano,da Matta,117244800,Brazilian,12.1
44,panis,\N,Olivier,Panis,-105148800,French,11.9
45,pantano,\N,Giorgio,Pantano,286934400,Italian,16.1
46,bruni,\N,Gianmaria,Bruni,360028800,Italian,16.7
47,baumgartner,\N,Zsolt,Baumgartner,347155200,Hungarian,15.3
48,gene,\N,Marc,Gené,133747200,Spanish,13.6
49,frentzen,\N,Heinz-Harald,Frentzen,-82857600,German,11.1
50,verstappen,\N,Jos,Verstappen,68515200,Dutch,14.2
51,wilson,\N,Justin,Wilson,270691200,British,14.6
52,firman,\N,Ralph,Firman,169776000,Irish,14.2
53,kiesa,\N,Nicolas,Kiesa,257731200,Danish,12.8
54,burti,\N,Luciano,Burti,163209600,Brazilian,13.5
55,alesi,\N,Jean,Alesi,-175392000,French,11.3
56,irvine,\N,Eddie,Irvine,-130723200,British,11.0
57,hakkinen,\N,Mika,Häkkinen,-39744000,Finnish,9.9
58,marques,\N,Tarso,Marques,190857600,Brazilian,16.1
59,bernoldi,\N,Enrique,Bernoldi,277603200,Brazilian,15.8
60,mazzacane,\N,Gastón,Mazzacane,168739200,Argentine,14.2
61,enge,\N,Tomáš,Enge,211248000,Czech,15.0
62,yoong,\N,Alex,Yoong,206668800,Malaysian,15.9
63,salo,\N,Mika,Salo,-97459200,Finnish,12.1
64,diniz,\N,Pedro,Diniz,12182400,Brazilian,14.6
65,herbert,\N,Johnny,Herbert,-174182400,British,12.9
66,mcnish,\N,Allan,McNish,-259200,British,15.5
67,buemi,BUE,Sébastien,Buemi,594259200,Swiss,14.3
68,takagi,\N,Toranosuke,Takagi,129859200,Japanese,15.3
69,badoer,BAD,Luca,Badoer,33609600,Italian,15.2
70,zanardi,\N,Alessandro,Zanardi,-100742400,Italian,16.2
71,damon_hill,\N,Damon,Hill,-293155200,British,9.9
72,sarrazin,\N,Stéphane,Sarrazin,184118400,French,16.0
73,rosset,\N,Ricardo,Rosset,-45187200,Brazilian,15.3
74,tuero,\N,Esteban,Tuero,262051200,Argentine,15.4
75,nakano,\N,Shinji,Nakano,39312000,Japanese,13.6
76,magnussen,MAG,Jan,Magnussen,110592000,Danish,15.4
77,berger,\N,Gerhard,Berger,-326592000,Austrian,10.9
78,larini,\N,Nicola,Larini,-182649600,Italian,21.0
79,katayama,\N,Ukyo,Katayama,-208137600,Japanese,16.3
80,sospiri,\N,Vincenzo,Sospiri,-102124800,Italian,23.0
81,morbidelli,\N,Gianni,Morbidelli,-62121600,Italian,15.5
82,fontana,\N,Norberto,Fontana,159408000,Argentine,12.0
83,lamy,\N,Pedro,Lamy,69897600,Portuguese,13.5
84,brundle,\N,Martin,Brundle,-334108800,British,12.6
85,montermini,\N,Andrea,Montermini,-176428800,Italian,19.2
86,lavaggi,\N,Giovanni,Lavaggi,-374544000,Italian,17.5
87,blundell,\N,Mark,Blundell,-117849600,British,13.6
88,suzuki,\N,Aguri,Suzuki,-293932800,Japanese,20.7
89,inoue,\N,Taki,Inoue,-199584000,Japanese,17.7
90,moreno,\N,Roberto,Moreno,-343612800,Brazilian,22.0
91,wendlinger,\N,Karl,Wendlinger,-32572800,Austrian,15.1
92,gachot,\N,Bertrand,Gachot,-221702400,Belgian,22.8
93,schiattarella,\N,Domenico,Schiattarella,-67046400,Italian,18.9
94,martini,\N,Pierluigi,Martini,-274320000,Italian,15.6
95,mansell,\N,Nigel,Mansell,-517536000,British,11.2
96,boullion,\N,Jean-Christophe,Boullion,-432000,French,12.7
97,papis,\N,Massimiliano,Papis,-7776000,Italian,17.3
98,deletraz,\N,Jean-Denis,Délétraz,-197337600,Swiss,16.7
99,tarquini,\N,Gabriele,Tarquini,-247276800,Italian,23.9
100,comas,\N,Érik,Comas,-197596800,French,14.8
101,brabham,\N,David,Brabham,-136425600,Australian,19.4
102,senna,\N,Ayrton,Senna,-308707200,Brazilian,8.3
103,bernard,\N,Éric,Bernard,-168998400,French,15.4
104,fittipaldi,\N,Christian,Fittipaldi,33004800,Brazilian,13.0
105,alboreto,\N,Michele,Alboreto,-411004800,Italian,14.4
106,beretta,\N,Olivier,Beretta,-3369600,Monegasque,16.7
107,ratzenberger,\N,Roland,Ratzenberger,-299635200,Austrian,21.3
108,belmondo,\N,Paul,Belmondo,-211248000,French,24.3
109,lehto,\N,Jyrki,Järvilehto,-123638400,Finnish,15.7
110,cesaris,\N,Andrea,de Cesaris,-334195200,Italian,16.0
111,gounon,\N,Jean-Marc,Gounon,-220924800,French,15.3
112,alliot,\N,Philippe,Alliot,-487036800,French,16.5
113,adams,\N,Philippe,Adams,-3715200,Belgian,18.5
114,dalmas,\N,Yannick,Dalmas,-266025600,French,23.5
115,noda,\N,Hideki,Noda,-25920000,Japanese,24.7
116,lagorce,\N,Franck,Lagorce,-42076800,French,15.0
117,prost,\N,Alain,Prost,-468720000,French,7.5
118,warwick,\N,Derek,Warwick,-484358400,British,15.0
119,patrese,\N,Riccardo,Patrese,-495763200,Italian,12.7
120,barbazza,\N,Fabrizio,Barbazza,-213062400,Italian,24.8
121,andretti,\N,Michael,Andretti,-228528000,American,15.5
122,capelli,\N,Ivan,Capelli,-208569600,Italian,16.8
123,boutsen,\N,Thierry,Boutsen,-393552000,Belgian,11.9
124,apicella,\N,Marco,Apicella,-133660800,Italian,26.0
125,naspetti,\N,Emanuele,Naspetti,-58492800,Italian,16.0
126,toshio_suzuki,\N,Toshio,Suzuki,-467510400,Japanese,13.0
127,gugelmin,\N,Maurício,Gugelmin,-211507200,Brazilian,16.1
128,poele,\N,Eric,van de Poele,-260496000,Belgian,27.7
129,grouillard,\N,Olivier,Grouillard,-357609600,French,21.2
130,chiesa,\N,Andrea,Chiesa,-178502400,Swiss,26.2
131,modena,\N,Stefano,Modena,-209606400,Italian,17.3
132,amati,\N,Giovanna,Amati,-329875200,Italian,30.0
133,caffi,\N,Alex,Caffi,-182736000,Italian,18.6
134,bertaggia,\N,Enrico,Bertaggia,-166752000,Italian,38.8
135,mccarthy,\N,Perry,McCarthy,-278726400,British,31.4
136,lammers,\N,Jan,Lammers,-428630400,Dutch,19.9
137,piquet,\N,Nelson,Piquet,-548294400,Brazilian,10.0
138,satoru_nakajima,\N,Satoru,Nakajima,-531878400,Japanese,15.8
139,pirro,\N,Emanuele,Pirro,-251510400,Italian,17.5
140,johansson,\N,Stefan,Johansson,-420163200,Swedish,16.0
141,bailey,\N,Julian,Bailey,-259718400,British,23.8
142,chaves,\N,Pedro,Chaves,-152841600,Portuguese,33.6
143,bartels,\N,Michael,Bartels,-57369600,German,28.8
144,hattori,\N,Naoki,Hattori,-112147200,Japanese,32.0
145,nannini,\N,Alessandro,Nannini,-330998400,Italian,14.8
146,schneider,\N,Bernd,Schneider,-172022400,German,28.5
147,barilla,\N,Paolo,Barilla,-274579200,Italian,21.0
148,foitek,\N,Gregor,Foitek,-150422400,Swiss,27.6
149,langes,\N,Claudio,Langes,-298252800,Italian,33.0
150,gary_brabham,\N,Gary,Brabham,-276480000,Australian,34.5
151,donnelly,\N,Martin,Donnelly,-182044800,British,16.6
152,giacomelli,\N,Bruno,Giacomelli,-546220800,Italian,17.7
153,alguersuari,ALG,Jaime,Alguersuari,638150400,Spanish,13.9
154,grosjean,GRO,Romain,Grosjean,514080000,French,13.1
155,kobayashi,KOB,Kamui,Kobayashi,526953600,Japanese,14.0
156,palmer,\N,Jonathan,Palmer,-414979200,British,15.0
157,danner,\N,Christian,Danner,-370656000,German,18.1
158,cheever,\N,Eddie,Cheever,-377913600,American,14.9
159,sala,\N,Luis,Pérez-Sala,-335577600,Spanish,17.2
160,ghinzani,\N,Piercarlo,Ghinzani,-566784000,Italian,21.6
161,weidler,\N,Volker,Weidler,-245894400,German,34.7
162,raphanel,\N,Pierre-Henri,Raphanel,-271382400,French,32.7
163,arnoux,\N,René,Arnoux,-678326400,French,13.7
164,joachim_winkelhock,\N,Joachim,Winkelhock,-289958400,German,36.6
165,larrauri,\N,Oscar,Larrauri,-485049600,Argentine,27.1
166,streiff,\N,Philippe,Streiff,-458179200,French,13.7
167,campos,\N,Adrián,Campos,-301104000,Spanish,20.9
168,schlesser,\N,Jean-Louis,Schlesser,-672278400,French,20.0
169,fabre,\N,Pascal,Fabre,-314928000,French,15.1
170,fabi,\N,Teo,Fabi,-467596800,Italian,16.4
171,forini,\N,Franco,Forini,-355881600,Swiss,19.5
172,laffite,\N,Jacques,Laffite,-824083200,French,12.2
173,angelis,\N,Elio,de Angelis,-371433600,Italian,12.0
174,dumfries,\N,Johnny,Dumfries,-368755200,British,14.4
175,tambay,\N,Patrick,Tambay,-647568000,French,13.3
176,surer,\N,Marc,Surer,-577152000,Swiss,13.1
177,keke_rosberg,\N,Keke,Rosberg,-664934400,Finnish,13.4
178,jones,\N,Alan,Jones,-731030400,Australian,11.4
179,rothengatter,\N,Huub,Rothengatter,-480729600,Dutch,16.9
180,berg,\N,Allen,Berg,-265680000,Canadian,18.9
181,manfred_winkelhock,\N,Manfred,Winkelhock,-575596800,German,17.9
182,lauda,\N,Niki,Lauda,-658195200,Austrian,10.9
183,hesnault,\N,François,Hesnault,-410400000,French,18.6
184,baldi,\N,Mauro,Baldi,-502329600,Italian,16.4
185,bellof,\N,Stefan,Bellof,-382320000,German,14.3
186,acheson,\N,Kenny,Acheson,-381715200,British,24.8
187,watson,\N,John,Watson,-746755200,British,11.6
188,cecotto,\N,Johnny,Cecotto,-439776000,Venezuelan,18.4
189,gartner,\N,Jo,Gartner,-502934400,Austrian,16.1
190,corrado_fabi,\N,Corrado,Fabi,-275270400,Italian,19.8
191,thackwell,\N,Mike,Thackwell,-276393600,New Zealander,25.4
192,serra,\N,Chico,Serra,-407376000,Brazilian,19.6
193,sullivan,\N,Danny,Sullivan,-625363200,American,14.9
194,salazar,\N,Eliseo,Salazar,-477532800,Chilean,20.4
195,guerrero,\N,Roberto,Guerrero,-351129600,Colombian,20.5
196,boesel,\N,Raul,Boesel,-381110400,Brazilian,18.3
197,jarier,\N,Jean-Pierre,Jarier,-740966400,French,14.9
198,villeneuve_sr,\N,Jacques,Villeneuve Sr.,-509932800,Canadian,27.7
199,reutemann,\N,Carlos,Reutemann,-874886400,Argentine,10.0
200,mass,\N,Jochen,Mass,-733881600,German,13.4
201,borgudd,\N,Slim,Borgudd,-729043200,Swedish,17.6
202,pironi,\N,Didier,Pironi,-560736000,French,11.2
203,gilles_villeneuve,\N,Gilles,Villeneuve,-629683200,Canadian,10.9
204,paletti,\N,Riccardo,Paletti,-364435200,Italian,25.9
205,henton,\N,Brian,Henton,-734832000,British,20.1
206,daly,\N,Derek,Daly,-530496000,Irish,16.2
207,mario_andretti,\N,Mario,Andretti,-941760000,American,12.5
208,villota,\N,Emilio,de Villota,-739584000,Spanish,26.6
209,lees,\N,Geoff,Lees,-589248000,British,21.6
210,byrne,\N,Tommy,Byrne,-367891200,Irish,22.6
211,keegan,\N,Rupert,Keegan,-468547200,British,19.1
212,rebaque,\N,Hector,Rebaque,-438825600,Mexican,18.3
213,gabbiani,\N,Beppe,Gabbiani,-410140800,Italian,25.6
214,cogan,\N,Kevin,Cogan,-434073600,American,26.5
215,guerra,\N,Miguel Ángel,Guerra,-515548800,Argentine,25.8
216,stohr,\N,Siegfried,Stohr,-543628800,Italian,19.8
217,zunino,\N,Ricardo,Zunino,-653875200,Argentine,15.3
218,londono,\N,Ricardo,Londoño,-643766400,Colombian,30.0
219,jabouille,\N,Jean-Pierre,Jabouille,-860025600,French,17.3
220,francia,\N,Giorgio,Francia,-698976000,Italian,32.0
221,depailler,\N,Patrick,Depailler,-801446400,French,11.1
222,scheckter,\N,Jody,Scheckter,-628732800,South African,9.3
223,regazzoni,\N,Clay,Regazzoni,-956966400,Swiss,11.2
224,emerson_fittipaldi,\N,Emerson,Fittipaldi,-727574400,Brazilian,11.1
225,kennedy,\N,Dave,Kennedy,-535248000,Irish,26.1
226,south,\N,Stephen,South,-563846400,British,27.0
227,needell,\N,Tiff,Needell,-573609600,British,23.0
228,desire_wilson,\N,Desiré,Wilson,-508032000,South African,27.0
229,ertl,\N,Harald,Ertl,-673315200,Austrian,18.9
230,brambilla,\N,Vittorio,Brambilla,-1014249600,Italian,15.2
231,hunt,\N,James,Hunt,-705110400,British,11.5
232,merzario,\N,Arturo,Merzario,-846115200,Italian,20.1
233,stuck,\N,Hans-Joachim,Stuck,-599616000,German,16.2
234,brancatelli,\N,Gianfranco,Brancatelli,-629683200,Italian,26.7
235,ickx,\N,Jacky,Ickx,-788918400,Belgian,11.4
236,gaillard,\N,Patrick,Gaillard,-564451200,French,20.2
237,ribeiro,\N,Alex,Ribeiro,-667440000,Brazilian,19.7
238,peterson,\N,Ronnie,Peterson,-816739200,Swedish,11.4
239,lunger,\N,Brett,Lunger,-761529600,American,16.3
240,ongais,\N,Danny,Ongais,-871516800,American,22.2
241,leoni,\N,Lamberto,Leoni,-524102400,Italian,25.4
242,galica,\N,Divina,Galica,-801100800,British,27.7
243,stommelen,\N,Rolf,Stommelen,-835574400,German,14.7
244,colombo,\N,Alberto,Colombo,-752803200,Italian,29.3
245,trimmer,\N,Tony,Trimmer,-850089600,British,28.8
246,binder,\N,Hans,Binder,-680227200,Austrian,15.7
247,bleekemolen,\N,Michael,Bleekemolen,-639014400,Dutch,27.2
248,gimax,\N,Carlo,Franchi,-1009843200,Italian,28.0
249,rahal,\N,Bobby,Rahal,-535680000,American,15.0
250,pace,\N,Carlos,Pace,-796435200,Brazilian,13.2
251,ian_scheckter,\N,Ian,Scheckter,-705715200,South African,18.4
252,pryce,\N,Tom,Pryce,-648777600,British,12.0
253,hoffmann,\N,Ingo,Hoffmann,-531446400,Brazilian,19.3
254,zorzi,\N,Renzo,Zorzi,-727574400,Italian,15.4
255,nilsson,\N,Gunnar,Nilsson,-666316800,Swedish,14.1
256,perkins,\N,Larry,Perkins,-624585600,Australian,20.2
257,hayje,\N,Boy,Lunger,-652147200,Dutch,22.4
258,neve,\N,Patrick,Nève,-638064000,Belgian,16.2
259,purley,\N,David,Purley,-786758400,British,20.6
260,andersson,\N,Conny,Andersson,-947116800,Swedish,29.0
261,dryver,\N,Bernard,de Dryver,-545443200,Belgian,30.0
262,oliver,\N,Jackie,Oliver,-864172800,British,13.9
263,kozarowitzky,\N,Mikko,Kozarowitzky,-682473600,Finnish,33.5
264,sutcliffe,\N,Andy,Sutcliffe,-714787200,British,32.0
265,edwards,\N,Guy,Edwards,-852249600,British,19.8
266,mcguire,\N,Brian,McGuire,-759024000,Australian,35.0
267,schuppan,\N,Vern,Schuppan,-845424000,Australian,17.9
268,heyer,\N,Hans,Heyer,-845683200,German,24.0
269,pilette,\N,Teddy,Pilette,-865814400,Belgian,27.5
270,ashley,\N,Ian,Ashley,-700099200,British,24.0
271,kessel,\N,Loris,Kessel,-623376000,Swiss,23.0
272,takahashi,\N,Kunimitsu,Takahashi,-944352000,Japanese,9.0
273,hoshino,\N,Kazuyoshi,Hoshino,-710208000,Japanese,15.0
274,takahara,\N,Noritake,Takahara,-586137600,Japanese,15.5
275,lombardi,\N,Lella,Lombardi,-907891200,Italian,19.4
276,evans,\N,Bob,Evans,-711936000,British,18.2
277,leclere,\N,Michel,Leclère,-750816000,French,14.9
278,amon,\N,Chris,Amon,-834796800,New Zealander,12.1
279,zapico,\N,Emilio,Zapico,-807840000,Spanish,27.0
280,pescarolo,\N,Henri,Pescarolo,-860544000,French,14.2
281,nelleman,\N,Jac,Nelleman,-811123200,Danish,27.0
282,magee,\N,Damien,Magee,-761270400,British,21.0
283,wilds,\N,Mike,Wilds,-756864000,British,25.1
284,pesenti_rossi,\N,Alessandro,Pesenti-Rossi,-862704000,Italian,17.5
285,stuppacher,\N,Otto,Stuppacher,-720576000,Austrian,27.7
286,brown,\N,Warwick,Brown,-631843200,Australian,14.0
287,hasemi,\N,Masahiro,Hasemi,-761616000,Japanese,11.0
288,donohue,\N,Mark,Donohue,-1034812800,American,13.5
289,hill,\N,Graham,Hill,-1289952000,British,10.2
290,wilson_fittipaldi,\N,Wilson,Fittipaldi,-821145600,Brazilian,16.0
291,tunmer,\N,Guy,Tunmer,-665366400,South African,11.0
292,keizan,\N,Eddie,Keizan,-798508800,South African,13.3
293,charlton,\N,Dave,Charlton,-1047081600,South African,20.3
294,brise,\N,Tony,Brise,-560563200,British,13.1
295,wunderink,\N,Roelof,Wunderink,-664416000,Dutch,20.5
296,migault,\N,François,Migault,-791337600,French,18.1
297,palm,\N,Torsten,Palm,-708307200,Swedish,17.0
298,lennep,\N,Gijs,van Lennep,-877219200,Dutch,12.9
299,fushida,\N,Hiroshi,Fushida,-751507200,Japanese,26.5
300,nicholson,\N,John,Nicholson,-891129600,New Zealander,24.0
301,morgan,\N,Dave,Morgan,-801619200,British,18.0
302,crawford,\N,Jim,Crawford,-690595200,British,17.0
303,vonlanthen,\N,Jo,Vonlanthen,-870652800,Swiss,22.0
304,hulme,\N,Denny,Hulme,-1058400000,New Zealander,8.2
305,hailwood,\N,Mike,Hailwood,-938822400,British,13.3
306,beltoise,\N,Jean-Pierre,Beltoise,-1031443200,French,11.7
307,ganley,\N,Howden,Ganley,-884304000,New Zealander,13.7
308,robarts,\N,Richard,Robarts,-797644800,British,18.8
309,revson,\N,Peter,Revson,-973382400,American,10.1
310,driver,\N,Paddy,Driver,-1124668800,South African,23.0
311,belso,\N,Tom,Belsø,-863049600,Danish,22.5
312,redman,\N,Brian,Redman,-1035590400,British,14.1
313,opel,\N,Rikky,von Opel,-701136000,Liechtensteiner,19.5
314,schenken,\N,Tim,Schenken,-828921600,Australian,16.4
315,larrousse,\N,Gérard,Larrousse,-934416000,French,27.5
316,kinnunen,\N,Leo,Kinnunen,-833414400,Finnish,29.2
317,wisell,\N,Reine,Wisell,-891648000,Swedish,14.2
318,roos,\N,Bertil,Roos,-827539200,Swedish,25.0
319,dolhem,\N,José,Dolhem,-810518400,French,25.0
320,gethin,\N,Peter,Gethin,-942364800,British,15.5
321,bell,\N,Derek,Bell,-888969600,British,21.5
322,hobbs,\N,David,Hobbs,-964569600,British,9.0
323,quester,\N,Dieter,Quester,-965433600,Austrian,9.0
324,koinigg,\N,Helmuth,Koinigg,-667785600,Austrian,21.3
325,facetti,\N,Carlo,Facetti,-1089331200,Italian,27.0
326,wietzes,\N,Eppie,Wietzes,-997142400,Canadian,19.0
327,cevert,\N,François,Cevert,-815788800,French,9.9
328,stewart,\N,Jackie,Stewart,-964396800,British,7.4
329,beuttler,\N,Mike,Beuttler,-937872000,British,15.8
330,galli,\N,Nanni,Galli,-923011200,Italian,17.7
331,bueno,\N,Luiz,Bueno,-1040083200,Brazilian,12.0
332,follmer,\N,George,Follmer,-1133827200,American,14.8
333,adamich,\N,Andrea,de Adamich,-891388800,Italian,16.3
334,pretorius,\N,Jackie,Pretorius,-1107993600,South African,19.2
335,williamson,\N,Roger,Williamson,-691545600,British,22.5
336,mcrae,\N,Graham,McRae,-941241600,New Zealander,28.0
337,marko,\N,Helmut,Marko,-842054400,Austrian,13.7
338,walker,\N,David,Walker,-901324800,Australian,17.5
339,roig,\N,Alex,Soler-Roig,-1173139200,Spanish,21.2
340,love,\N,John,Love,-1422230400,Rhodesian,13.1
341,surtees,\N,John,Surtees,-1132531200,British,10.3
342,barber,\N,Skip,Barber,-1045353600,American,18.5
343,brack,\N,Bill,Brack,-1073520000,Canadian,16.0
344,posey,\N,Sam,Posey,-807926400,American,18.5
345,rodriguez,\N,Pedro,Rodríguez,-945302400,Mexican,9.1
346,siffert,\N,Jo,Siffert,-1056758400,Swiss,10.8
347,bonnier,\N,Jo,Bonnier,-1259712000,Swedish,12.0
348,mazet,\N,François,Mazet,-847411200,French,13.0
349,jean,\N,Max,Jean,-834192000,French,14.0
350,elford,\N,Vic,Elford,-1090713600,British,10.4
351,moser,\N,Silvio,Moser,-905385600,Swiss,16.1
352,eaton,\N,George,Eaton,-761702400,Canadian,15.4
353,lovely,\N,Pete,Lovely,-1379894400,American,16.7
354,craft,\N,Chris,Craft,-950659200,British,25.0
355,Cannoc,\N,John,Cannon,-1152835200,Canadian,14.0
356,jack_brabham,\N,Jack,Brabham,-1380672000,Australian,9.2
357,miles,\N,John,Miles,-837907200,British,14.3
358,rindt,\N,Jochen,Rindt,-874368000,Austrian,10.0
359,gavin,\N,Johnny,Servoz-Gavin,-882144000,French,10.9
360,mclaren,\N,Bruce,McLaren,-1020556800,New Zealander,8.7
361,courage,\N,Piers,Courage,-870998400,British,10.8
362,klerk,\N,Peter,de Klerk,-1098144000,South African,11.2
363,giunti,\N,Ignazio,Giunti,-894326400,Italian,10.2
364,gurney,\N,Dan,Gurney,-1221955200,American,9.8
365,hahne,\N,Hubert,Hahne,-1097107200,German,17.3
366,hutchison,\N,Gus,Hutchison,-1031443200,American,21.0
367,westbury,\N,Peter,Westbury,-997315200,British,25.0
368,tingle,\N,Sam,Tingle,-1525996800,Rhodesian,14.3
369,rooyen,\N,Basil,van Rooyen,-968976000,South African,17.0
370,attwood,\N,Richard,Attwood,-938649600,British,10.9
371,pease,\N,Al,Pease,-1521504000,Canadian,14.5
372,cordts,\N,John,Cordts,-1086998400,Canadian,17.0
373,clark,\N,Jim,Clark,-1067558400,British,7.1
374,spence,\N,Mike,Spence,-1041552000,British,9.8
375,scarfiotti,\N,Ludovico,Scarfiotti,-1142553600,Italian,11.8
376,bianchi,BIA,Lucien,Bianchi,-1109030400,Belgian,13.9
377,jo_schlesser,\N,Jo,Schlesser,-1313539200,French,20.5
378,widdows,\N,Robin,Widdows,-870998400,British,13.0
379,ahrens,\N,Kurt,Ahrens,-937353600,German,16.5
380,gardner,\N,Frank,Gardner,-1238716800,Australian,15.9
381,unser,\N,Bobby,Unser,-1131753600,American,17.0
382,solana,\N,Moisés,Solana,-1073520000,Mexican,14.1
383,anderson,\N,Bob,Anderson,-1218844800,British,11.0
384,botha,\N,Luki,Botha,-1261008000,South African,8.0
385,bandini,\N,Lorenzo,Bandini,-1073952000,Italian,10.0
386,ginther,\N,Richie,Ginther,-1243641600,American,8.0
387,parkes,\N,Mike,Parkes,-1207785600,British,11.9
388,irwin,\N,Chris,Irwin,-868320000,British,11.1
389,ligier,\N,Guy,Ligier,-1245715200,French,10.2
390,rees,\N,Alan,Rees,-1008892800,British,8.0
391,hart,\N,Brian,Hart,-1051401600,British,14.0
392,fisher,\N,Mike,Fisher,-845942400,American,15.0
393,tom_jones,\N,Tom,Jones,-842140800,American,18.0
394,baghetti,\N,Giancarlo,Baghetti,-1105142400,Italian,15.0
395,williams,\N,Jonathan,Williams,-857865600,British,8.0
396,bondurant,\N,Bob,Bondurant,-1157587200,American,11.9
397,arundell,\N,Peter,Arundell,-1140739200,British,11.5
398,vic_wilson,\N,Vic,Wilson,-1221868800,British,16.5
399,taylor,\N,John,Taylor,-1160611200,British,10.8
400,lawrence,\N,Chris,Lawrence,-1149724800,British,11.0
401,trevor_taylor,\N,Trevor,Taylor,-1041897600,British,14.4
402,geki,\N,Giacomo,Russo,-1015891200,Italian,16.3
403,phil_hill,\N,Phil,Hill,-1347580800,American,9.3
404,ireland,\N,Innes,Ireland,-1248307200,British,12.1
405,bucknum,\N,Ronnie,Bucknum,-1064793600,American,13.3
406,hawkins,\N,Paul,Hawkins,-1016841600,Australian,12.0
407,prophet,\N,David,Prophet,-1017100800,British,15.0
408,maggs,\N,Tony,Maggs,-1038009600,South African,9.9
409,blokdyk,\N,Trevor,Blokdyk,-1075766400,South African,16.5
410,lederle,\N,Neville,Lederle,-986774400,South African,16.7
411,serrurier,\N,Doug,Serrurier,-1548288000,South African,15.7
412,niemann,\N,Brausch,Niemann,-977788800,South African,19.0
413,pieterse,\N,Ernie,Pieterse,-993945600,South African,18.0
414,puzey,\N,Clive,Puzey,-898646400,Rhodesian,26.0
415,reed,\N,Ray,Reed,-1188864000,South African,29.0
416,clapham,\N,David,Clapham,-1218931200,South African,30.0
417,blignaut,\N,Alex,Blignaut,-1170374400,South African,31.0
418,gregory,\N,Masten,Gregory,-1194134400,American,13.1
419,rhodes,\N,John,Rhodes,-1337212800,British,16.0
420,raby,\N,Ian,Raby,-1523491200,British,19.7
421,rollinson,\N,Alan,Rollinson,-840499200,British,22.0
422,gubby,\N,Brian,Gubby,-1126915200,British,23.0
423,mitter,\N,Gerhard,Mitter,-1083715200,German,14.6
424,bussinello,\N,Roberto,Bussinello,-1333152000,Italian,21.2
425,vaccarella,\N,Nino,Vaccarella,-1162252800,Italian,15.2
426,bassi,\N,Giorgio,Bassi,-1134432000,Italian,23.0
427,trintignant,\N,Maurice,Trintignant,-1646438400,French,11.3
428,collomb,\N,Bernard,Collomb,-1238198400,French,18.8
429,andre_pilette,\N,André,Pilette,-1616976000,Belgian,15.8
430,beaufort,\N,Carel Godin,de Beaufort,-1127520000,Dutch,12.4
431,barth,\N,Edgar,Barth,-1670371200,German,17.7
432,cabral,\N,Mário de Araújo,Cabral,-1134864000,Portuguese,14.2
433,hansgen,\N,Walt,Hansgen,-1583539200,American,17.0
434,sharp,\N,Hap,Sharp,-1325462400,American,11.7
435,mairesse,\N,Willy,Mairesse,-1301788800,Belgian,13.1
436,campbell-jones,\N,John,Campbell-Jones,-1260576000,British,20.2
437,burgess,\N,Ian,Burgess,-1246233600,British,17.4
438,settember,\N,Tony,Settember,-1372118400,American,18.0
439,estefano,\N,Nasif,Estéfano,-1171411200,Argentine,23.0
440,hall,\N,Jim,Hall,-1086998400,American,10.2
441,parnell,\N,Tim,Parnell,-1184025600,British,22.8
442,kuhnke,\N,Kurt,Kuhnke,-1883174400,German,28.5
443,ernesto_brambilla,\N,Ernesto,Brambilla,-1133481600,Italian,26.0
444,lippi,\N,Roberto,Lippi,-1363564800,Italian,29.0
445,seiffert,\N,Günther,Seiffert,-1016323200,German,30.5
446,abate,\N,Carlo,Abate,-1182729600,Italian,26.5
447,starrabba,\N,Gaetano,Starrabba,-1170115200,Italian,24.0
448,broeker,\N,Peter,Broeker,-1376956800,Canadian,7.0
449,ward,\N,Rodger,Ward,-1545523200,American,16.8
450,vos,\N,Ernie,de Vos,-899510400,Dutch,24.0
451,dochnal,\N,Frank,Dochnal,-1553644800,American,22.0
452,monarch,\N,Thomas,Monarch,-767750400,American,25.0
842,gasly,GAS,Pierre,Gasly,823651200,French,11.1
453,lewis,\N,Jackie,Lewis,-1046649600,British,14.7
454,ricardo_rodriguez,\N,Ricardo,Rodríguez,-879811200,Mexican,12.2
455,seidel,\N,Wolfgang,Seidel,-1372636800,German,20.1
456,salvadori,\N,Roy,Salvadori,-1503446400,British,13.2
457,pon,\N,Ben,Pon,-1043366400,Dutch,20.0
458,slotemaker,\N,Rob,Slotemaker,-1279756800,Dutch,21.0
459,marsh,\N,Tony,Marsh,-1213488000,British,19.9
460,ashmore,\N,Gerry,Ashmore,-1055203200,British,24.6
461,schiller,\N,Heinz,Schiller,-1260230400,Swiss,24.5
462,davis,\N,Colin,Davis,-1149552000,British,17.0
463,chamberlain,\N,Jay,Chamberlain,-1388793600,American,24.3
464,shelly,\N,Tony,Shelly,-1038614400,New Zealander,23.3
465,greene,\N,Keith,Greene,-1009497600,British,22.0
466,walter,\N,Heini,Walter,-1339027200,Swiss,14.0
467,prinoth,\N,Ernesto,Prinoth,-1474243200,Italian,32.0
468,penske,\N,Roger,Penske,-1037059200,American,8.5
469,schroeder,\N,Rob,Schroeder,-1377302400,British,10.0
470,mayer,\N,Timmy,Mayer,-1005350400,American,16.0
471,johnstone,\N,Bruce,Johnstone,-1038873600,South African,9.0
472,harris,\N,Mike,Harris,-965865600,South African,15.0
473,hocking,\N,Gary,Hocking,-1017878400,Rhodesian,18.0
474,vyver,\N,Syd,van der Vyver,-1564790400,South African,19.0
475,moss,\N,Stirling,Moss,-1271462400,British,9.1
476,trips,\N,Wolfgang,von Trips,-1314748800,German,8.2
477,allison,\N,Cliff,Allison,-1195948800,British,10.9
478,herrmann,\N,Hans,Herrmann,-1320883200,German,13.0
479,brooks,\N,Tony,Brooks,-1194480000,British,10.9
480,may,\N,Michael,May,-1116288000,Swiss,23.2
481,henry_taylor,\N,Henry,Taylor,-1168992000,British,13.8
482,gendebien,\N,Olivier,Gendebien,-1450742400,Belgian,11.9
483,scarlatti,\N,Giorgio,Scarlatti,-1522627200,Italian,13.7
484,naylor,\N,Brian,Naylor,-1476144000,British,19.3
485,bordeu,\N,Juan Manuel,Bordeu,-1133740800,Argentine,28.0
486,fairman,\N,Jack,Fairman,-1792454400,British,16.6
487,natili,\N,Massimo,Natili,-1086566400,Italian,32.5
488,monteverdi,\N,Peter,Monteverdi,-1122508800,Swiss,30.0
489,pirocchi,\N,Renato,Pirocchi,-1160352000,Italian,21.5
490,duke,\N,Geoff,Duke,-1475712000,British,32.0
491,thiele,\N,Alfonso,Thiele,-1569715200,American-Italian,24.0
492,boffa,\N,Menato,Boffa,-1262044800,Italian,38.0
493,ryan,\N,Peter,Ryan,-932860800,Canadian,9.0
494,ruby,\N,Lloyd,Ruby,-1324512000,American,10.5
495,ken_miles,\N,Ken,Miles,-1614729600,British,20.0
496,menditeguy,\N,Carlos,Menditeguy,-1748131200,Argentine,10.5
497,larreta,\N,Alberto Rodriguez,Larreta,-1134950400,Argentine,9.0
498,gonzalez,\N,José Froilán,González,-1490832000,Argentine,7.7
499,bonomi,\N,Roberto,Bonomi,-1585958400,Argentine,11.0
500,munaron,\N,Gino,Munaron,-1317513600,Italian,14.2
501,schell,\N,Harry,Schell,-1530835200,American,11.0
502,stacey,\N,Alan,Stacey,-1146873600,British,13.1
503,chimeri,\N,Ettore,Chimeri,-1532995200,Venezuelan,20.0
504,creus,\N,Antonio,Creus,-1425686400,Spanish,21.0
505,bristow,\N,Chris,Bristow,-1012435200,British,12.5
506,halford,\N,Bruce,Halford,-1218931200,British,13.4
507,daigh,\N,Chuck,Daigh,-1454544000,American,17.8
508,reventlow,\N,Lance,Reventlow,-1068336000,American,21.2
509,rathmann,\N,Jim,Rathmann,-1308441600,American,11.7
510,goldsmith,\N,Paul,Goldsmith,-1396396800,American,12.7
511,branson,\N,Don,Branson,-1564704000,American,14.0
512,thomson,\N,Johnny,Thomson,-1506297600,American,17.1
513,johnson,\N,Eddie,Johnson,-1606003200,American,13.4
514,veith,\N,Bob,Veith,-1362268800,American,12.4
515,tingelstad,\N,Bud,Tingelstad,-1317340800,American,9.0
516,christie,\N,Bob,Christie,-1443571200,American,15.0
517,amick,\N,Red,Amick,-1292284800,American,21.0
518,darter,\N,Duane,Carter,-1788048000,American,10.0
519,homeier,\N,Bill,Homeier,-1620086400,American,17.0
520,hartley,\N,Gene,Hartley,-1386201600,American,16.7
521,stevenson,\N,Chuck,Stevenson,-1584662400,American,18.0
522,grim,\N,Bobby,Grim,-1430352000,American,21.0
523,templeman,\N,Shorty,Templeman,-1590192000,American,18.0
524,hurtubise,\N,Jim,Hurtubise,-1169942400,American,18.0
525,bryan,\N,Jimmy,Bryan,-1386201600,American,13.4
526,ruttman,\N,Troy,Ruttman,-1256342400,American,17.9
527,sachs,\N,Eddie,Sachs,-1344297600,American,20.8
528,freeland,\N,Don,Freeland,-1412899200,American,15.0
529,bettenhausen,\N,Tony,Bettenhausen,-1682121600,American,14.8
530,weiler,\N,Wayne,Weiler,-1106524800,American,24.0
531,foyt,\N,Anthony,Foyt,-1103241600,American,17.0
532,russo,\N,Eddie,Russo,-1392249600,American,25.8
533,boyd,\N,Johnny,Boyd,-1368662400,American,16.8
534,force,\N,Gene,Force,-1689811200,American,19.5
535,mcwithey,\N,Jim,McWithey,-1341100800,American,22.5
536,sutton,\N,Len,Sutton,-1401062400,American,31.3
537,dick_rathmann,\N,Dick,Rathmann,-1451260800,American,23.0
538,herman,\N,Al,Herman,-1350691200,American,20.2
539,dempsey_wilson,\N,Dempsey,Wilson,-1351036800,American,24.0
540,mike_taylor,\N,Mike,Taylor,-1126310400,British,21.0
541,flockhart,\N,Ron,Flockhart,-1468886400,British,14.6
542,piper,\N,David,Piper,-1233360000,British,18.3
543,cabianca,\N,Giulio,Cabianca,-1478995200,Italian,13.0
544,drogo,\N,Piero,Drogo,-1369612800,Italian,8.0
545,gamble,\N,Fred,Gamble,-1192665600,American,10.0
546,owen,\N,Arthur,Owen,-1728691200,British,16.0
547,gould,\N,Horace,Gould,-1618358400,British,14.8
548,drake,\N,Bob,Drake,-1579478400,American,13.0
549,bueb,\N,Ivor,Bueb,-1469750400,British,12.8
550,Changy,\N,Alain,de Changy,-1511740800,Belgian,19.0
551,filippis,\N,Maria,de Filippis,-1361404800,Italian,15.2
552,lucienbonnet,\N,Jean,Lucienbonnet,-1482710400,French,23.0
553,testut,\N,André,Testut,-1379721600,Monegasque,23.5
554,behra,\N,Jean,Behra,-1542326400,French,10.7
555,paul_russo,\N,Paul,Russo,-1758672000,American,12.4
556,daywalt,\N,Jimmy,Daywalt,-1430956800,American,18.9
557,arnold,\N,Chuck,Arnold,-1375660800,American,15.0
558,keller,\N,Al,Keller,-1569196800,American,19.4
559,flaherty,\N,Pat,Flaherty,-1388102400,American,15.0
560,cheesbourg,\N,Bill,Cheesbourg,-1343001600,American,19.0
561,ray_crawford,\N,Ray,Crawford,-1709942400,American,25.0
562,turner,\N,Jack,Turner,-1574294400,American,22.0
563,weyant,\N,Chuck,Weyant,-1475280000,American,19.5
564,larson,\N,Jud,Larson,-1481500800,American,18.5
565,magill,\N,Mike,Magill,-1574640000,American,23.7
566,shelby,\N,Carroll,Shelby,-1482364800,American,11.9
567,orey,\N,Fritz,d'Orey,-1002672000,Brazilian,12.7
568,fontes,\N,Azdrubal,Fontes,-1483747200,Uruguayan,22.0
569,ashdown,\N,Peter,Ashdown,-1111190400,British,12.0
570,bill_moss,\N,Bill,Moss,-1146355200,British,26.0
571,dennis_taylor,\N,Dennis,Taylor,-1532304000,British,28.0
572,blanchard,\N,Harry,Blanchard,-1279756800,American,7.0
573,tomaso,\N,Alessandro,de Tomaso,-1308960000,Argentine-Italian,10.0
574,constantine,\N,George,Constantine,-1636502400,American,16.0
575,said,\N,Bob,Said,-1188432000,American,18.0
576,cade,\N,Phil,Cade,-1690070400,American,19.0
577,musso,\N,Luigi,Musso,-1433635200,Italian,8.6
578,hawthorn,\N,Mike,Hawthorn,-1285286400,British,7.0
579,fangio,\N,Juan,Fangio,-1846886400,Argentine,4.8
580,godia,\N,Paco,Godia,-1539475200,Spanish,11.2
581,collins,\N,Peter,Collins,-1204070400,British,11.1
582,kavanagh,\N,Ken,Kavanagh,-1453420800,Australian,18.0
583,gerini,\N,Gerino,Gerini,-1306281600,Italian,11.9
584,kessler,\N,Bruce,Kessler,-1065916800,American,20.0
585,emery,\N,Paul,Emery,-1676851200,British,23.0
586,piotti,\N,Luigi,Piotti,-1772928000,Italian,16.6
587,ecclestone,\N,Bernie,Ecclestone,-1236384000,British,28.0
588,taramazzo,\N,Luigi,Taramazzo,-1188432000,Italian,29.0
589,chiron,\N,Louis,Chiron,-2222035200,Monegasque,14.1
590,lewis-evans,\N,Stuart,Lewis-Evans,-1252886400,British,10.0
591,george_amick,\N,George,Amick,-1426032000,American,2.0
592,reece,\N,Jimmy,Reece,-1266192000,American,15.0
593,parsons,\N,Johnnie,Parsons,-1625097600,American,15.4
594,tolan,\N,Johnnie,Tolan,-1647129600,American,18.0
595,garrett,\N,Billy,Garrett,-1157846400,American,18.5
596,elisian,\N,Ed,Elisian,-1358985600,American,25.6
597,connor,\N,Pat,O'Connor,-1301097600,American,16.8
598,jerry_unser,\N,Jerry,Unser,-1171670400,American,31.0
599,bisch,\N,Art,Bisch,-1361491200,American,33.0
600,goethals,\N,Christian,Goethals,-1306800000,Belgian,16.0
601,gibson,\N,Dick,Gibson,-1631923200,British,22.5
602,la_caze,\N,Robert,La Caze,-1667692800,French,14.0
603,guelfi,\N,André,Guelfi,-1598659200,French,15.0
604,picard,\N,François,Picard,-1536364800,French,18.0
605,bridger,\N,Tom,Bridger,-1121040000,British,19.0
606,portago,\N,Alfonso,de Portago,-1300924800,Spanish,10.7
607,perdisa,\N,Cesare,Perdisa,-1173830400,Italian,7.7
608,castellotti,\N,Eugenio,Castellotti,-1237939200,Italian,9.5
609,simon,\N,André,Simon,-1577577600,French,13.3
610,leston,\N,Les,Leston,-1547683200,British,19.7
611,hanks,\N,Sam,Hanks,-1750550400,American,11.2
612,linden,\N,Andy,Linden,-1506643200,American,18.8
613,teague,\N,Marshall,Teague,-1541808000,American,15.8
614,edmunds,\N,Don,Edmunds,-1239408000,American,19.0
615,agabashian,\N,Fred,Agabashian,-1778716800,American,18.5
616,george,\N,Elmer,George,-1308528000,American,33.0
617,macdowel,\N,Mike,MacDowel,-1177113600,British,7.0
618,mackay-fraser,\N,Herbert,MacKay-Fraser,-1342051200,American,11.0
619,gerard,\N,Bob,Gerard,-1765670400,British,8.7
620,maglioli,\N,Umberto,Maglioli,-1311984000,Italian,10.4
621,england,\N,Paul,England,-1286409600,Australian,22.0
622,landi,\N,Chico,Landi,-1971388800,Brazilian,12.8
623,uria,\N,Alberto,Uria,-1435104000,Uruguayan,10.0
624,ramos,\N,Hernando,da Silva Ramos,-1390694400,Brazilian,13.1
625,bayol,\N,Élie,Bayol,-1762214400,French,15.9
626,manzon,\N,Robert,Manzon,-1663804800,French,13.7
627,rosier,\N,Louis,Rosier,-2024611200,French,10.6
628,sweikert,\N,Bob,Sweikert,-1376524800,American,13.4
629,griffith,\N,Cliff,Griffith,-1701043200,American,15.7
630,dinsmore,\N,Duke,Dinsmore,-1790208000,American,22.5
631,andrews,\N,Keith,Andrews,-1563580800,American,23.0
632,frere,\N,Paul,Frère,-1670025600,Belgian,10.9
633,villoresi,\N,Luigi,Villoresi,-1913328000,Italian,9.9
634,scotti,\N,Piero,Scotti,-1897862400,Italian,13.0
635,chapman,\N,Colin,Chapman,-1313452800,British,20.0
636,titterington,\N,Desmond,Titterington,-1315008000,British,14.0
637,scott_Brown,\N,Archie,Scott Brown,-1345593600,British,24.0
638,volonterio,\N,Ottorino,Volonterio,-1643155200,Swiss,9.7
639,milhoux,\N,André,Milhoux,-1295827200,Belgian,8.0
640,graffenried,\N,Toulo,de Graffenried,-1755388800,Swiss,12.2
641,taruffi,\N,Piero,Taruffi,-1995148800,Italian,7.7
642,farina,\N,Nino,Farina,-1993593600,Italian,5.8
643,mieres,\N,Roberto,Mieres,-1422576000,Argentine,10.3
644,mantovani,\N,Sergio,Mantovani,-1281657600,Italian,8.9
645,bucci,\N,Clemar,Bucci,-1556582400,Argentine,16.4
646,iglesias,\N,Jesús,Iglesias,-1510272000,Argentine,10.0
647,ascari,\N,Alberto,Ascari,-1624320000,Italian,8.4
648,kling,\N,Karl,Kling,-1871164800,German,8.5
649,birger,\N,Pablo,Birger,-1451174400,Argentine,17.5
650,pollet,\N,Jacques,Pollet,-1499040000,French,13.2
651,macklin,\N,Lance,Macklin,-1588377600,British,16.9
652,whiteaway,\N,Ted,Whiteaway,-1299110400,British,22.0
653,davies,\N,Jimmy,Davies,-1274918400,American,12.8
654,faulkner,\N,Walt,Faulkner,-1573948800,American,11.2
655,niday,\N,Cal,Niday,-1757030400,American,18.7
656,cross,\N,Art,Cross,-1639008000,American,8.8
657,vukovich,\N,Bill,Vukovich,-1611100800,American,14.6
658,mcgrath,\N,Jack,McGrath,-1585267200,American,10.3
659,hoyt,\N,Jerry,Hoyt,-1291420800,American,21.8
660,claes,\N,Johnny,Claes,-1684886400,Belgian,13.8
661,peter_walker,\N,Peter,Walker,-1806192000,British,15.5
662,sparken,\N,Mike,Sparken,-1247961600,French,7.0
663,wharton,\N,Ken,Wharton,-1697241600,British,12.6
664,mcalpine,\N,Kenneth,McAlpine,-1555113600,British,17.7
665,marr,\N,Leslie,Marr,-1495324800,British,16.5
666,rolt,\N,Tony,Rolt,-1616112000,British,17.0
667,fitch,\N,John,Fitch,-1653955200,American,18.5
668,lucas,\N,Jean,Lucas,-1662681600,French,19.0
669,bira,\N,Prince,Bira,-1750377600,Thai,12.1
670,marimon,\N,Onofre,Marimón,-1452816000,Argentine,12.8
671,loyer,\N,Roger,Loyer,-1969488000,French,14.0
672,daponte,\N,Jorge,Daponte,-1469836800,Argentine,13.0
673,nazaruk,\N,Mike,Nazaruk,-1522627200,American,9.3
674,crockett,\N,Larry,Crockett,-1363046400,American,9.0
675,ayulo,\N,Manny,Ayulo,-1521072000,American,12.2
676,armi,\N,Frank,Armi,-1616457600,American,19.0
677,webb,\N,Travis,Webb,-1869264000,American,22.8
678,duncan,\N,Len,Duncan,-1844208000,American,31.0
679,mccoy,\N,Ernie,McCoy,-1542067200,American,12.0
680,swaters,\N,Jacques,Swaters,-1362441600,American,12.9
681,georges_berger,\N,Georges,Berger,-1618876800,Belgian,18.5
682,beauman,\N,Don,Beauman,-1307577600,British,11.0
683,thorne,\N,Leslie,Thorne,-1689120000,British,14.0
684,whitehouse,\N,Bill,Whitehouse,-1917216000,British,17.0
685,riseley_prichard,\N,John,Riseley-Prichard,-1450310400,British,22.0
686,reg_parnell,\N,Reg,Parnell,-1846195200,British,10.9
687,whitehead,\N,Peter,Whitehead,-1740009600,British,15.7
688,brandon,\N,Eric,Brandon,-1560729600,British,15.8
689,alan_brown,\N,Alan,Brown,-1581552000,British,14.8
690,nuckey,\N,Rodney,Nuckey,-1278633600,British,21.5
691,lang,\N,Hermann,Lang,-1916784000,German,8.5
692,helfrich,\N,Theo,Helfrich,-1787356800,German,17.7
693,wacker,\N,Fred,Wacker,-1624579200,American,9.7
694,riu,\N,Giovanni,de Riu,-1414195200,Italian,21.0
695,galvez,\N,Oscar,Gálvez,-1779062400,Argentine,5.0
696,john_barber,\N,John,Barber,-1276387200,British,8.0
697,bonetto,\N,Felice,Bonetto,-2100643200,Italian,10.4
698,cruz,\N,Adolfo,Cruz,-1467849600,Argentine,16.0
699,nalon,\N,Duke,Nalon,-1793577600,American,15.3
700,scarborough,\N,Carl,Scarborough,-1751414400,American,15.0
701,holland,\N,Bill,Holland,-1957824000,American,8.5
702,bob_scott,\N,Bob,Scott,-1301529600,American,23.0
703,legat,\N,Arthur,Legat,-2245795200,Belgian,16.5
704,cabantous,\N,Yves,Cabantous,-2058566400,French,11.5
705,crook,\N,Tony,Crook,-1573948800,British,24.0
706,jimmy_stewart,\N,Jimmy,Stewart,-1225238400,British,11.0
707,ian_stewart,\N,Ian,Stewart,-1276992000,British,22.0
708,duncan_hamilton,\N,Duncan,Hamilton,-1567555200,British,16.4
709,klodwig,\N,Ernst,Klodwig,-2102112000,East German,13.5
710,krause,\N,Rudolf,Krause,-1980547200,East German,17.0
711,karch,\N,Oswald,Karch,-1667001600,German,22.0
712,heeks,\N,Willi,Heeks,-1511049600,German,18.5
713,fitzau,\N,Theo,Fitzau,-1479772800,East German,27.0
714,adolff,\N,Kurt,Adolff,-1519689600,German,28.0
715,bechem,\N,Günther,Bechem,-1515715200,German,23.5
716,bauer,\N,Erwin,Bauer,-1813276800,German,32.0
717,hans_stuck,\N,Hans,von Stuck,-2177884800,German,24.5
718,loof,\N,Ernst,Loof,-1972252800,German,34.0
719,scherrer,\N,Albert,Scherrer,-1951603200,Swiss,9.0
720,terra,\N,Max,de Terra,-1616976000,Swiss,14.5
721,hirt,\N,Peter,Hirt,-1885852800,Swiss,17.2
722,carini,\N,Piero,Carini,-1540771200,Italian,24.3
723,fischer,\N,Rudi,Fischer,-1820966400,Swiss,9.9
724,ulmen,\N,Toni,Ulmen,-2017612800,German,13.5
725,abecassis,\N,George,Abecassis,-1791936000,British,17.0
726,george_connor,\N,George,Connor,-2000073600,American,15.3
727,rigsby,\N,Jim,Rigsby,-1469750400,American,12.0
728,james,\N,Joe,James,-1407801600,American,23.0
729,schindler,\N,Bill,Schindler,-1919462400,American,17.7
730,fonder,\N,George,Fonder,-1657670400,American,21.7
731,banks,\N,Henry,Banks,-1784592000,American,16.7
732,mcdowell,\N,Johnny,McDowell,-1733270400,American,23.7
733,miller,\N,Chet,Miller,-2128723200,American,27.5
734,ball,\N,Bobby,Ball,-1399593600,American,18.5
735,tornaco,\N,Charles,de Tornaco,-1343433600,Belgian,15.3
736,laurent,\N,Roger,Laurent,-1794355200,Belgian,9.0
737,obrien,\N,Robert,O'Brien,-1947888000,American,14.0
738,gaze,\N,Tony,Gaze,-1575072000,Australian,21.8
739,charrington,\N,Robin,Montgomerie-Charrington,-1720742400,British,16.0
740,comotti,\N,Franco,Comotti,-2002060800,Italian,16.0
741,etancelin,\N,Philippe,Étancelin,-2303942400,French,10.4
742,poore,\N,Dennis,Poore,-1684195200,British,8.0
743,thompson,\N,Eric,Thompson,-1582934400,British,5.0
744,downing,\N,Ken,Downing,-1643328000,British,11.0
745,graham_whitehead,\N,Graham,Whitehead,-1505779200,British,12.0
746,bianco,\N,Gino,Bianco,-1686614400,Brazilian,20.8
747,murray,\N,David,Murray,-1893801600,British,17.2
748,cantoni,\N,Eitel,Cantoni,-1995840000,Uruguayan,20.3
749,aston,\N,Bill,Aston,-2201472000,British,28.3
750,brudes,\N,Adolf,Brudes,-2215728000,German,16.0
751,riess,\N,Fritz,Riess,-1498262400,German,7.0
752,niedermayr,\N,Helmut,Niedermayr,-1707004800,German,9.0
753,klenk,\N,Hans,Klenk,-1583539200,German,11.0
754,balsa,\N,Marcel,Balsa,-1924992000,French,17.0
755,schoeller,\N,Rudolf,Schoeller,-2135894400,Swiss,21.0
756,pietsch,\N,Paul,Pietsch,-1847232000,German,22.0
757,peters,\N,Josef,Peters,-1744934400,German,28.0
758,lof,\N,Dries,van der Lof,-1589241600,Dutch,12.0
759,flinterman,\N,Jan,Flinterman,-1585785600,Dutch,13.0
760,dusio,\N,Piero,Dusio,-2215900800,Italian,34.0
761,crespo,\N,Alberto,Crespo,-1576627200,Argentine,26.0
762,rol,\N,Franco,Rol,-1943136000,Italian,14.6
763,sanesi,\N,Consalvo,Sanesi,-1854489600,Italian,10.8
764,guy_mairesse,\N,Guy,Mairesse,-1874361600,French,11.3
765,louveau,\N,Henri,Louveau,-1891382400,French,17.5
766,wallard,\N,Lee,Wallard,-1871942400,American,3.5
767,forberg,\N,Carl,Forberg,-1856563200,American,7.0
768,rose,\N,Mauri,Rose,-2007158400,American,8.5
769,mackey,\N,Bill,Mackey,-1326931200,American,19.0
770,green,\N,Cecil,Green,-1585958400,American,13.0
771,walt_brown,\N,Walt,Brown,-1830556800,American,22.5
772,hellings,\N,Mack,Hellings,-1713571200,American,22.0
773,levegh,\N,Pierre,Levegh,-2020550400,French,10.2
774,chaboud,\N,Eugène,Chaboud,-1979424000,French,8.0
775,gordini,\N,Aldo,Gordini,-1534291200,French,15.0
776,kelly,\N,Joe,Kelly,-1792627200,Irish,14.0
777,parker,\N,Philip,Fotheringham-Parker,-1965340800,British,17.0
778,shawe_taylor,\N,Brian,Shawe Taylor,-1733356800,British,9.0
779,john_james,\N,John,James,-1756080000,British,20.0
780,branca,\N,Toni,Branca,-1681862400,Swiss,14.0
781,richardson,\N,Ken,Richardson,-1841875200,British,22.0
782,jover,\N,Juan,Jover,-2086214400,Spanish,20.0
783,grignard,\N,Georges,Grignard,-2033510400,French,16.0
784,hampshire,\N,David,Hampshire,-1641254400,British,12.5
785,crossley,\N,Geoff,Crossley,-1535068800,British,12.5
786,fagioli,\N,Luigi,Fagioli,-2258323200,Italian,4.4
787,harrison,\N,Cuth,Harrison,-2003616000,British,11.0
788,fry,\N,Joe,Fry,-1709942400,British,10.0
789,martin,\N,Eugène,Martin,-1728604800,French,16.5
790,leslie_johnson,\N,Leslie,Johnson,-1823385600,British,21.0
791,biondetti,\N,Clemente,Biondetti,-2252275200,Italian,18.0
792,pian,\N,Alfredo,Pián,-1804982400,Argentine,21.0
793,sommer,\N,Raymond,Sommer,-1998777600,French,11.6
794,chitwood,\N,Joie,Chitwood,-1821398400,American,5.0
795,fohr,\N,Myron,Fohr,-1815868800,American,11.0
796,ader,\N,Walt,Ader,-1768694400,American,22.0
797,holmes,\N,Jackie,Holmes,-1556582400,American,21.0
798,levrett,\N,Bayliss,Levrett,-1763424000,American,27.0
799,jackson,\N,Jimmy,Jackson,-1875744000,American,22.0
800,pagani,\N,Nello,Pagani,-1837468800,Italian,7.0
801,pozzi,\N,Charles,Pozzi,-1904428800,French,6.0
802,serafini,\N,Dorino,Serafini,-1907539200,Italian,2.0
803,cantrell,\N,Bill,Cantrell,-1954022400,American,27.0
804,mantz,\N,Johnny,Mantz,-1618531200,American,17.0
805,kladis,\N,Danny,Kladis,-1669075200,American,30.0
806,oscar_gonzalez,\N,Óscar,González,-1456185600,Uruguayan,6.0
807,hulkenberg,HUL,Nico,Hülkenberg,556329600,German,11.8
808,petrov,PET,Vitaly,Petrov,463449600,Russian,14.4
810,grassi,DIG,Lucas,di Grassi,461030400,Brazilian,19.3
811,bruno_senna,SEN,Bruno,Senna,435024000,Brazilian,15.7
812,chandhok,CHA,Karun,Chandhok,443318400,Indian,18.2
813,maldonado,MAL,Pastor,Maldonado,479174400,Venezuelan,15.0
814,resta,DIR,Paul,di Resta,513993600,British,11.8
815,perez,PER,Sergio,Pérez,633312000,Mexican,9.4
816,ambrosio,DAM,Jérôme,d'Ambrosio,504489600,Belgian,18.4
817,ricciardo,RIC,Daniel,Ricciardo,615254400,Australian,9.9
818,vergne,VER,Jean-Éric,Vergne,641001600,French,14.0
819,pic,PIC,Charles,Pic,635040000,French,18.1
820,chilton,CHI,Max,Chilton,672192000,British,17.7
821,gutierrez,GUT,Esteban,Gutiérrez,681350400,Mexican,15.1
822,bottas,BOT,Valtteri,Bottas,620265600,Finnish,7.9
823,garde,VDG,Giedo,van der Garde,483235200,Dutch,18.1
824,jules_bianchi,BIA,Jules,Bianchi,618105600,French,17.1
825,kevin_magnussen,MAG,Kevin,Magnussen,718243200,Danish,13.5
826,kvyat,KVY,Daniil,Kvyat,767318400,Russian,12.2
827,lotterer,LOT,André,Lotterer,374976000,German,22.0
828,ericsson,ERI,Marcus,Ericsson,652233600,Swedish,15.0
829,stevens,STE,Will,Stevens,678067200,British,16.6
830,max_verstappen,VER,Max,Verstappen,875577600,Dutch,6.2
831,nasr,NAS,Felipe,Nasr,714355200,Brazilian,14.2
832,sainz,SAI,Carlos,Sainz,778377600,Spanish,9.9
833,merhi,MER,Roberto,Merhi,669600000,Spanish,15.7
834,rossi,RSS,Alexander,Rossi,685756800,American,15.4
835,jolyon_palmer,PAL,Jolyon,Palmer,664329600,British,15.3
836,wehrlein,WEH,Pascal,Wehrlein,782438400,German,16.1
837,haryanto,HAR,Rio,Haryanto,727660800,Indonesian,18.7
838,vandoorne,VAN,Stoffel,Vandoorne,701568000,Belgian,13.2
839,ocon,OCO,Esteban,Ocon,842918400,French,10.7
840,stroll,STR,Lance,Stroll,909619200,Canadian,12.2
841,giovinazzi,GIO,Antonio,Giovinazzi,755827200,Italian,13.9
843,brendon_hartley,HAR,Brendon,Hartley,626659200,New Zealander,15.0
844,leclerc,LEC,Charles,Leclerc,876960000,Monegasque,8.1
845,sirotkin,SIR,Sergey,Sirotkin,809481600,Russian,15.5
846,norris,NOR,Lando,Norris,942451200,British,9.0
847,russell,RUS,George,Russell,887500800,British,11.7
848,albon,ALB,Alexander,Albon,827539200,Thai,11.0
849,latifi,LAT,Nicholas,Latifi,804384000,Canadian,15.9
850,pietro_fittipaldi,FIT,Pietro,Fittipaldi,835660800,Brazilian,18.0
851,aitken,AIT,Jack,Aitken,811814400,British,16.0
852,tsunoda,TSU,Yuki,Tsunoda,958003200,Japanese,13.7
853,mazepin,MAZ,Nikita,Mazepin,920332800,Russian,17.9
854,mick_schumacher,MSC,Mick,Schumacher,922060800,German,15.7
855,zhou,ZHO,Guanyu,Zhou,928022400,Chinese,14.2
856,de_vries,DEV,Nyck,de Vries,792028800,Dutch,15.3
857,piastri,PIA,Oscar,Piastri,986515200,Australian,12.7
858,sargeant,SAR,Logan,Sargeant,978220800,American,16.4
