driverId,driverRef,code,forename,surname,dob,nationality
1,hamilton,HAM,Lewis,Hamilton,473904000,British
2,heidfeld,HEI,Nick,Heidfeld,232070400,German
3,rosberg,ROS,Nico,Rosberg,488678400,German
4,alonso,ALO,Fernando,Alonso,365212800,Spanish
5,kovalainen,KOV,Heikki,Kovalainen,372297600,Finnish
6,nakajima,NAK,Kazuki,Nakajima,474249600,Japanese
7,bourdais,BOU,Sébastien,Bourdais,289008000,French
8,raikkonen,RAI,Kimi,Räikkönen,308966400,Finnish
9,kubica,KUB,Robert,Kubica,471225600,Polish
10,glock,GLO,Timo,Glock,385257600,German
11,sato,SAT,Takuma,Sato,223257600,Japanese
12,piquet_jr,PIQ,Nelson,Piquet Jr.,491097600,Brazilian
13,massa,MAS,Felipe,Massa,357004800,Brazilian
14,coulthard,COU,David,Coulthard,38880000,British
15,trulli,TRU,Jarno,Trulli,142905600,Italian
16,sutil,SUT,Adrian,Sutil,411091200,German
17,webber,WEB,Mark,Webber,209952000,Australian
18,button,BUT,Jenson,Button,317088000,British
19,davidson,DAV,Anthony,Davidson,293241600,British
20,vettel,VET,Sebastian,Vettel,552268800,German
21,fisichella,FIS,Giancarlo,Fisichella,95817600,Italian
22,barrichello,BAR,Rubens,Barrichello,75427200,Brazilian
23,ralf_schumacher,SCH,Ralf,Schumacher,173318400,German
24,liuzzi,LIU,Vitantonio,Liuzzi,334368000,Italian
25,wurz,WUR,Alexander,Wurz,130118400,Austrian
26,speed,SPE,Scott,Speed,412214400,American
27,albers,ALB,Christijan,Albers,293068800,Dutch
28,markus_winkelhock,WIN,Markus,Winkelhock,329702400,German
29,yamamoto,YAM,Sakon,Yamamoto,395020800,Japanese
30,michael_schumacher,MSC,Michael,Schumacher,-31363200,German
31,montoya,MON,Juan,Pablo Montoya,180403200,Colombian
32,klien,KLI,Christian,Klien,413424000,Austrian
33,monteiro,TMO,Tiago,Monteiro,207014400,Portuguese
34,ide,IDE,Yuji,Ide,159494400,Japanese
35,villeneuve,VIL,Jacques,Villeneuve,40003200,Canadian
36,montagny,FMO,Franck,Montagny,252806400,French
37,rosa,DLR,Pedro,de la Rosa,36201600,Spanish
38,doornbos,DOO,Robert,Doornbos,370051200,Dutch
39,karthikeyan,KAR,Narain,Karthikeyan,222048000,Indian
40,friesacher,FRI,Patrick,Friesacher,338774400,Austrian
41,zonta,ZON,Ricardo,Zonta,196387200,Brazilian
42,pizzonia,PIZ,Antônio,Pizzonia,337478400,Brazilian
43,matta,\N,Cristiano,da Matta,117244800,Brazilian
44,panis,\N,Olivier,Panis,-105148800,French
45,pantano,\N,Giorgio,Pantano,286934400,Italian
46,bruni,\N,Gianmaria,Bruni,360028800,Italian
47,baumgartner,\N,Zsolt,Baumgartner,347155200,Hungarian
48,gene,\N,Marc,Gené,133747200,Spanish
49,frentzen,\N,Heinz-Harald,Frentzen,-82857600,German
50,verstappen,\N,Jos,Verstappen,68515200,Dutch
51,wilson,\N,Justin,Wilson,270691200,British
52,firman,\N,Ralph,Firman,169776000,Irish
53,kiesa,\N,Nicolas,Kiesa,257731200,Danish
54,burti,\N,Luciano,Burti,163209600,Brazilian
55,alesi,\N,Jean,Alesi,-175392000,French
56,irvine,\N,Eddie,Irvine,-130723200,British
57,hakkinen,\N,Mika,Häkkinen,-39744000,Finnish
58,marques,\N,Tarso,Marques,190857600,Brazilian
59,bernoldi,\N,Enrique,Bernoldi,277603200,Brazilian
60,mazzacane,\N,Gastón,Mazzacane,168739200,Argentine
61,enge,\N,Tomáš,Enge,211248000,Czech
62,yoong,\N,Alex,Yoong,206668800,Malaysian
63,salo,\N,Mika,Salo,-97459200,Finnish
64,diniz,\N,Pedro,Diniz,12182400,Brazilian
65,herbert,\N,Johnny,Herbert,-174182400,British
66,mcnish,\N,Allan,McNish,-259200,British
67,buemi,BUE,Sébastien,Buemi,594259200,Swiss
68,takagi,\N,Toranosuke,Takagi,129859200,Japanese
69,badoer,BAD,Luca,Badoer,33609600,Italian
70,zanardi,\N,Alessandro,Zanardi,-100742400,Italian
71,damon_hill,\N,Damon,Hill,-293155200,British
72,sarrazin,\N,Stéphane,Sarrazin,184118400,French
73,rosset,\N,Ricardo,Rosset,-45187200,Brazilian
74,tuero,\N,Esteban,Tuero,262051200,Argentine
75,nakano,\N,Shinji,Nakano,39312000,Japanese
76,magnussen,MAG,Jan,Magnussen,110592000,Danish
77,berger,\N,Gerhard,Berger,-326592000,Austrian
78,larini,\N,Nicola,Larini,-182649600,Italian
79,katayama,\N,Ukyo,Katayama,-208137600,Japanese
80,sospiri,\N,Vincenzo,Sospiri,-102124800,Italian
81,morbidelli,\N,Gianni,Morbidelli,-62121600,Italian
82,fontana,\N,Norberto,Fontana,159408000,Argentine
83,lamy,\N,Pedro,Lamy,69897600,Portuguese
84,brundle,\N,Martin,Brundle,-334108800,British
85,montermini,\N,Andrea,Montermini,-176428800,Italian
86,lavaggi,\N,Giovanni,Lavaggi,-374544000,Italian
87,blundell,\N,Mark,Blundell,-117849600,British
88,suzuki,\N,Aguri,Suzuki,-293932800,Japanese
89,inoue,\N,Taki,Inoue,-199584000,Japanese
90,moreno,\N,Roberto,Moreno,-343612800,Brazilian
91,wendlinger,\N,Karl,Wendlinger,-32572800,Austrian
92,gachot,\N,Bertrand,Gachot,-221702400,Belgian
93,schiattarella,\N,Domenico,Schiattarella,-67046400,Italian
94,martini,\N,Pierluigi,Martini,-274320000,Italian
95,mansell,\N,Nigel,Mansell,-517536000,British
96,boullion,\N,Jean-Christophe,Boullion,-432000,French
97,papis,\N,Massimiliano,Papis,-7776000,Italian
98,deletraz,\N,Jean-Denis,Délétraz,-197337600,Swiss
99,tarquini,\N,Gabriele,Tarquini,-247276800,Italian
100,comas,\N,Érik,Comas,-197596800,French
101,brabham,\N,David,Brabham,-136425600,Australian
102,senna,\N,Ayrton,Senna,-308707200,Brazilian
103,bernard,\N,Éric,Bernard,-168998400,French
104,fittipaldi,\N,Christian,Fittipaldi,33004800,Brazilian
105,alboreto,\N,Michele,Alboreto,-411004800,Italian
106,beretta,\N,Olivier,Beretta,-3369600,Monegasque
107,ratzenberger,\N,Roland,Ratzenberger,-299635200,Austrian
108,belmondo,\N,Paul,Belmondo,-211248000,French
109,lehto,\N,Jyrki,Järvilehto,-123638400,Finnish
110,cesaris,\N,Andrea,de Cesaris,-334195200,Italian
111,gounon,\N,Jean-Marc,Gounon,-220924800,French
112,alliot,\N,Philippe,Alliot,-487036800,French
113,adams,\N,Philippe,Adams,-3715200,Belgian
114,dalmas,\N,Yannick,Dalmas,-266025600,French
115,noda,\N,Hideki,Noda,-25920000,Japanese
116,lagorce,\N,Franck,Lagorce,-42076800,French
117,prost,\N,Alain,Prost,-468720000,French
118,warwick,\N,Derek,Warwick,-484358400,British
119,patrese,\N,Riccardo,Patrese,-495763200,Italian
120,barbazza,\N,Fabrizio,Barbazza,-213062400,Italian
121,andretti,\N,Michael,Andretti,-228528000,American
122,capelli,\N,Ivan,Capelli,-208569600,Italian
123,boutsen,\N,Thierry,Boutsen,-393552000,Belgian
124,apicella,\N,Marco,Apicella,-133660800,Italian
125,naspetti,\N,Emanuele,Naspetti,-58492800,Italian
126,toshio_suzuki,\N,Toshio,Suzuki,-467510400,Japanese
127,gugelmin,\N,Maurício,Gugelmin,-211507200,Brazilian
128,poele,\N,Eric,van de Poele,-260496000,Belgian
129,grouillard,\N,Olivier,Grouillard,-357609600,French
130,chiesa,\N,Andrea,Chiesa,-178502400,Swiss
131,modena,\N,Stefano,Modena,-209606400,Italian
132,amati,\N,Giovanna,Amati,-329875200,Italian
133,caffi,\N,Alex,Caffi,-182736000,Italian
134,bertaggia,\N,Enrico,Bertaggia,-166752000,Italian
135,mccarthy,\N,Perry,McCarthy,-278726400,British
136,lammers,\N,Jan,Lammers,-428630400,Dutch
137,piquet,\N,Nelson,Piquet,-548294400,Brazilian
138,satoru_nakajima,\N,Satoru,Nakajima,-531878400,Japanese
139,pirro,\N,Emanuele,Pirro,-251510400,Italian
140,johansson,\N,Stefan,Johansson,-420163200,Swedish
141,bailey,\N,Julian,Bailey,-259718400,British
142,chaves,\N,Pedro,Chaves,-152841600,Portuguese
143,bartels,\N,Michael,Bartels,-57369600,German
144,hattori,\N,Naoki,Hattori,-112147200,Japanese
145,nannini,\N,Alessandro,Nannini,-330998400,Italian
146,schneider,\N,Bernd,Schneider,-172022400,German
147,barilla,\N,Paolo,Barilla,-274579200,Italian
148,foitek,\N,Gregor,Foitek,-150422400,Swiss
149,langes,\N,Claudio,Langes,-298252800,Italian
150,gary_brabham,\N,Gary,Brabham,-276480000,Australian
151,donnelly,\N,Martin,Donnelly,-182044800,British
152,giacomelli,\N,Bruno,Giacomelli,-546220800,Italian
153,alguersuari,ALG,Jaime,Alguersuari,638150400,Spanish
154,grosjean,GRO,Romain,Grosjean,514080000,French
155,kobayashi,KOB,Kamui,Kobayashi,526953600,Japanese
156,palmer,\N,Jonathan,Palmer,-414979200,British
157,danner,\N,Christian,Danner,-370656000,German
158,cheever,\N,Eddie,Cheever,-377913600,American
159,sala,\N,Luis,Pérez-Sala,-335577600,Spanish
160,ghinzani,\N,Piercarlo,Ghinzani,-566784000,Italian
161,weidler,\N,Volker,Weidler,-245894400,German
162,raphanel,\N,Pierre-Henri,Raphanel,-271382400,French
163,arnoux,\N,René,Arnoux,-678326400,French
164,joachim_winkelhock,\N,Joachim,Winkelhock,-289958400,German
165,larrauri,\N,Oscar,Larrauri,-485049600,Argentine
166,streiff,\N,Philippe,Streiff,-458179200,French
167,campos,\N,Adrián,Campos,-301104000,Spanish
168,schlesser,\N,Jean-Louis,Schlesser,-672278400,French
169,fabre,\N,Pascal,Fabre,-314928000,French
170,fabi,\N,Teo,Fabi,-467596800,Italian
171,forini,\N,Franco,Forini,-355881600,Swiss
172,laffite,\N,Jacques,Laffite,-824083200,French
173,angelis,\N,Elio,de Angelis,-371433600,Italian
174,dumfries,\N,Johnny,Dumfries,-368755200,British
175,tambay,\N,Patrick,Tambay,-647568000,French
176,surer,\N,Marc,Surer,-577152000,Swiss
177,keke_rosberg,\N,Keke,Rosberg,-664934400,Finnish
178,jones,\N,Alan,Jones,-731030400,Australian
179,rothengatter,\N,Huub,Rothengatter,-480729600,Dutch
180,berg,\N,Allen,Berg,-265680000,Canadian
181,manfred_winkelhock,\N,Manfred,Winkelhock,-575596800,German
182,lauda,\N,Niki,Lauda,-658195200,Austrian
183,hesnault,\N,François,Hesnault,-410400000,French
184,baldi,\N,Mauro,Baldi,-502329600,Italian
185,bellof,\N,Stefan,Bellof,-382320000,German
186,acheson,\N,Kenny,Acheson,-381715200,British
187,watson,\N,John,Watson,-746755200,British
188,cecotto,\N,Johnny,Cecotto,-439776000,Venezuelan
189,gartner,\N,Jo,Gartner,-502934400,Austrian
190,corrado_fabi,\N,Corrado,Fabi,-275270400,Italian
191,thackwell,\N,Mike,Thackwell,-276393600,New Zealander
192,serra,\N,Chico,Serra,-407376000,Brazilian
193,sullivan,\N,Danny,Sullivan,-625363200,American
194,salazar,\N,Eliseo,Salazar,-477532800,Chilean
195,guerrero,\N,Roberto,Guerrero,-351129600,Colombian
196,boesel,\N,Raul,Boesel,-381110400,Brazilian
197,jarier,\N,Jean-Pierre,Jarier,-740966400,French
198,villeneuve_sr,\N,Jacques,Villeneuve Sr.,-509932800,Canadian
199,reutemann,\N,Carlos,Reutemann,-874886400,Argentine
200,mass,\N,Jochen,Mass,-733881600,German
201,borgudd,\N,Slim,Borgudd,-729043200,Swedish
202,pironi,\N,Didier,Pironi,-560736000,French
203,gilles_villeneuve,\N,Gilles,Villeneuve,-629683200,Canadian
204,paletti,\N,Riccardo,Paletti,-364435200,Italian
205,henton,\N,Brian,Henton,-734832000,British
206,daly,\N,Derek,Daly,-530496000,Irish
207,mario_andretti,\N,Mario,Andretti,-941760000,American
208,villota,\N,Emilio,de Villota,-739584000,Spanish
209,lees,\N,Geoff,Lees,-589248000,British
210,byrne,\N,Tommy,Byrne,-367891200,Irish
211,keegan,\N,Rupert,Keegan,-468547200,British
212,rebaque,\N,Hector,Rebaque,-438825600,Mexican
213,gabbiani,\N,Beppe,Gabbiani,-410140800,Italian
214,cogan,\N,Kevin,Cogan,-434073600,American
215,guerra,\N,Miguel Ángel,Guerra,-515548800,Argentine
216,stohr,\N,Siegfried,Stohr,-543628800,Italian
217,zunino,\N,Ricardo,Zunino,-653875200,Argentine
218,londono,\N,Ricardo,Londoño,-643766400,Colombian
219,jabouille,\N,Jean-Pierre,Jabouille,-860025600,French
220,francia,\N,Giorgio,Francia,-698976000,Italian
221,depailler,\N,Patrick,Depailler,-801446400,French
222,scheckter,\N,Jody,Scheckter,-628732800,South African
223,regazzoni,\N,Clay,Regazzoni,-956966400,Swiss
224,emerson_fittipaldi,\N,Emerson,Fittipaldi,-727574400,Brazilian
225,kennedy,\N,Dave,Kennedy,-535248000,Irish
226,south,\N,Stephen,South,-563846400,British
227,needell,\N,Tiff,Needell,-573609600,British
228,desire_wilson,\N,Desiré,Wilson,-508032000,South African
229,ertl,\N,Harald,Ertl,-673315200,Austrian
230,brambilla,\N,Vittorio,Brambilla,-1014249600,Italian
231,hunt,\N,James,Hunt,-705110400,British
232,merzario,\N,Arturo,Merzario,-846115200,Italian
233,stuck,\N,Hans-Joachim,Stuck,-599616000,German
234,brancatelli,\N,Gianfranco,Brancatelli,-629683200,Italian
235,ickx,\N,Jacky,Ickx,-788918400,Belgian
236,gaillard,\N,Patrick,Gaillard,-564451200,French
237,ribeiro,\N,Alex,Ribeiro,-667440000,Brazilian
238,peterson,\N,Ronnie,Peterson,-816739200,Swedish
239,lunger,\N,Brett,Lunger,-761529600,American
240,ongais,\N,Danny,Ongais,-871516800,American
241,leoni,\N,Lamberto,Leoni,-524102400,Italian
242,galica,\N,Divina,Galica,-801100800,British
243,stommelen,\N,Rolf,Stommelen,-835574400,German
244,colombo,\N,Alberto,Colombo,-752803200,Italian
245,trimmer,\N,Tony,Trimmer,-850089600,British
246,binder,\N,Hans,Binder,-680227200,Austrian
247,bleekemolen,\N,Michael,Bleekemolen,-639014400,Dutch
248,gimax,\N,Carlo,Franchi,-1009843200,Italian
249,rahal,\N,Bobby,Rahal,-535680000,American
250,pace,\N,Carlos,Pace,-796435200,Brazilian
251,ian_scheckter,\N,Ian,Scheckter,-705715200,South African
252,pryce,\N,Tom,Pryce,-648777600,British
253,hoffmann,\N,Ingo,Hoffmann,-531446400,Brazilian
254,zorzi,\N,Renzo,Zorzi,-727574400,Italian
255,nilsson,\N,Gunnar,Nilsson,-666316800,Swedish
256,perkins,\N,Larry,Perkins,-624585600,Australian
257,hayje,\N,Boy,Lunger,-652147200,Dutch
258,neve,\N,Patrick,Nève,-638064000,Belgian
259,purley,\N,David,Purley,-786758400,British
260,andersson,\N,Conny,Andersson,-947116800,Swedish
261,dryver,\N,Bernard,de Dryver,-545443200,Belgian
262,oliver,\N,Jackie,Oliver,-864172800,British
263,kozarowitzky,\N,Mikko,Kozarowitzky,-682473600,Finnish
264,sutcliffe,\N,Andy,Sutcliffe,-714787200,British
265,edwards,\N,Guy,Edwards,-852249600,British
266,mcguire,\N,Brian,McGuire,-759024000,Australian
267,schuppan,\N,Vern,Schuppan,-845424000,Australian
268,heyer,\N,Hans,Heyer,-845683200,German
269,pilette,\N,Teddy,Pilette,-865814400,Belgian
270,ashley,\N,Ian,Ashley,-700099200,British
271,kessel,\N,Loris,Kessel,-623376000,Swiss
272,takahashi,\N,Kunimitsu,Takahashi,-944352000,Japanese
273,hoshino,\N,Kazuyoshi,Hoshino,-710208000,Japanese
274,takahara,\N,Noritake,Takahara,-586137600,Japanese
275,lombardi,\N,Lella,Lombardi,-907891200,Italian
276,evans,\N,Bob,Evans,-711936000,British
277,leclere,\N,Michel,Leclère,-750816000,French
278,amon,\N,Chris,Amon,-834796800,New Zealander
279,zapico,\N,Emilio,Zapico,-807840000,Spanish
280,pescarolo,\N,Henri,Pescarolo,-860544000,French
281,nelleman,\N,Jac,Nelleman,-811123200,Danish
282,magee,\N,Damien,Magee,-761270400,British
283,wilds,\N,Mike,Wilds,-756864000,British
284,pesenti_rossi,\N,Alessandro,Pesenti-Rossi,-862704000,Italian
285,stuppacher,\N,Otto,Stuppacher,-720576000,Austrian
286,brown,\N,Warwick,Brown,-631843200,Australian
287,hasemi,\N,Masahiro,Hasemi,-761616000,Japanese
288,donohue,\N,Mark,Donohue,-1034812800,American
289,hill,\N,Graham,Hill,-1289952000,British
290,wilson_fittipaldi,\N,Wilson,Fittipaldi,-821145600,Brazilian
291,tunmer,\N,Guy,Tunmer,-665366400,South African
292,keizan,\N,Eddie,Keizan,-798508800,South African
293,charlton,\N,Dave,Charlton,-1047081600,South African
294,brise,\N,Tony,Brise,-560563200,British
295,wunderink,\N,Roelof,Wunderink,-664416000,Dutch
296,migault,\N,François,Migault,-791337600,French
297,palm,\N,Torsten,Palm,-708307200,Swedish
298,lennep,\N,Gijs,van Lennep,-877219200,Dutch
299,fushida,\N,Hiroshi,Fushida,-751507200,Japanese
300,nicholson,\N,John,Nicholson,-891129600,New Zealander
301,morgan,\N,Dave,Morgan,-801619200,British
302,crawford,\N,Jim,Crawford,-690595200,British
303,vonlanthen,\N,Jo,Vonlanthen,-870652800,Swiss
304,hulme,\N,Denny,Hulme,-1058400000,New Zealander
305,hailwood,\N,Mike,Hailwood,-938822400,British
306,beltoise,\N,Jean-Pierre,Beltoise,-1031443200,French
307,ganley,\N,Howden,Ganley,-884304000,New Zealander
308,robarts,\N,Richard,Robarts,-797644800,British
309,revson,\N,Peter,Revson,-973382400,American
310,driver,\N,Paddy,Driver,-1124668800,South African
311,belso,\N,Tom,Belsø,-863049600,Danish
312,redman,\N,Brian,Redman,-1035590400,British
313,opel,\N,Rikky,von Opel,-701136000,Liechtensteiner
314,schenken,\N,Tim,Schenken,-828921600,Australian
315,larrousse,\N,Gérard,Larrousse,-934416000,French
316,kinnunen,\N,Leo,Kinnunen,-833414400,Finnish
317,wisell,\N,Reine,Wisell,-891648000,Swedish
318,roos,\N,Bertil,Roos,-827539200,Swedish
319,dolhem,\N,José,Dolhem,-810518400,French
320,gethin,\N,Peter,Gethin,-942364800,British
321,bell,\N,Derek,Bell,-888969600,British
322,hobbs,\N,David,Hobbs,-964569600,British
323,quester,\N,Dieter,Quester,-965433600,Austrian
324,koinigg,\N,Helmuth,Koinigg,-667785600,Austrian
325,facetti,\N,Carlo,Facetti,-1089331200,Italian
326,wietzes,\N,Eppie,Wietzes,-997142400,Canadian
327,cevert,\N,François,Cevert,-815788800,French
328,stewart,\N,Jackie,Stewart,-964396800,British
329,beuttler,\N,Mike,Beuttler,-937872000,British
330,galli,\N,Nanni,Galli,-923011200,Italian
331,bueno,\N,Luiz,Bueno,-1040083200,Brazilian
332,follmer,\N,George,Follmer,-1133827200,American
333,adamich,\N,Andrea,de Adamich,-891388800,Italian
334,pretorius,\N,Jackie,Pretorius,-1107993600,South African
335,williamson,\N,Roger,Williamson,-691545600,British
336,mcrae,\N,Graham,McRae,-941241600,New Zealander
337,marko,\N,Helmut,Marko,-842054400,Austrian
338,walker,\N,David,Walker,-901324800,Australian
339,roig,\N,Alex,Soler-Roig,-1173139200,Spanish
340,love,\N,John,Love,-1422230400,Rhodesian
341,surtees,\N,John,Surtees,-1132531200,British
342,barber,\N,Skip,Barber,-1045353600,American
343,brack,\N,Bill,Brack,-1073520000,Canadian
344,posey,\N,Sam,Posey,-807926400,American
345,rodriguez,\N,Pedro,Rodríguez,-945302400,Mexican
346,siffert,\N,Jo,Siffert,-1056758400,Swiss
347,bonnier,\N,Jo,Bonnier,-1259712000,Swedish
348,mazet,\N,François,Mazet,-847411200,French
349,jean,\N,Max,Jean,-834192000,French
350,elford,\N,Vic,Elford,-1090713600,British
351,moser,\N,Silvio,Moser,-905385600,Swiss
352,eaton,\N,George,Eaton,-761702400,Canadian
353,lovely,\N,Pete,Lovely,-1379894400,American
354,craft,\N,Chris,Craft,-950659200,British
355,Cannoc,\N,John,Cannon,-1152835200,Canadian
356,jack_brabham,\N,Jack,Brabham,-1380672000,Australian
357,miles,\N,John,Miles,-837907200,British
358,rindt,\N,Jochen,Rindt,-874368000,Austrian
359,gavin,\N,Johnny,Servoz-Gavin,-882144000,French
360,mclaren,\N,Bruce,McLaren,-1020556800,New Zealander
361,courage,\N,Piers,Courage,-870998400,British
362,klerk,\N,Peter,de Klerk,-1098144000,South African
363,giunti,\N,Ignazio,Giunti,-894326400,Italian
364,gurney,\N,Dan,Gurney,-1221955200,American
365,hahne,\N,Hubert,Hahne,-1097107200,German
366,hutchison,\N,Gus,Hutchison,-1031443200,American
367,westbury,\N,Peter,Westbury,-997315200,British
368,tingle,\N,Sam,Tingle,-1525996800,Rhodesian
369,rooyen,\N,Basil,van Rooyen,-968976000,South African
370,attwood,\N,Richard,Attwood,-938649600,British
371,pease,\N,Al,Pease,-1521504000,Canadian
372,cordts,\N,John,Cordts,-1086998400,Canadian
373,clark,\N,Jim,Clark,-1067558400,British
374,spence,\N,Mike,Spence,-1041552000,British
375,scarfiotti,\N,Ludovico,Scarfiotti,-1142553600,Italian
376,bianchi,BIA,Lucien,Bianchi,-1109030400,Belgian
377,jo_schlesser,\N,Jo,Schlesser,-1313539200,French
378,widdows,\N,Robin,Widdows,-870998400,British
379,ahrens,\N,Kurt,Ahrens,-937353600,German
380,gardner,\N,Frank,Gardner,-1238716800,Australian
381,unser,\N,Bobby,Unser,-1131753600,American
382,solana,\N,Moisés,Solana,-1073520000,Mexican
383,anderson,\N,Bob,Anderson,-1218844800,British
384,botha,\N,Luki,Botha,-1261008000,South African
385,bandini,\N,Lorenzo,Bandini,-1073952000,Italian
386,ginther,\N,Richie,Ginther,-1243641600,American
387,parkes,\N,Mike,Parkes,-1207785600,British
388,irwin,\N,Chris,Irwin,-868320000,British
389,ligier,\N,Guy,Ligier,-1245715200,French
390,rees,\N,Alan,Rees,-1008892800,British
391,hart,\N,Brian,Hart,-1051401600,British
392,fisher,\N,Mike,Fisher,-845942400,American
393,tom_jones,\N,Tom,Jones,-842140800,American
394,baghetti,\N,Giancarlo,Baghetti,-1105142400,Italian
395,williams,\N,Jonathan,Williams,-857865600,British
396,bondurant,\N,Bob,Bondurant,-1157587200,American
397,arundell,\N,Peter,Arundell,-1140739200,British
398,vic_wilson,\N,Vic,Wilson,-1221868800,British
399,taylor,\N,John,Taylor,-1160611200,British
400,lawrence,\N,Chris,Lawrence,-1149724800,British
401,trevor_taylor,\N,Trevor,Taylor,-1041897600,British
402,geki,\N,Giacomo,Russo,-1015891200,Italian
403,phil_hill,\N,Phil,Hill,-1347580800,American
404,ireland,\N,Innes,Ireland,-1248307200,British
405,bucknum,\N,Ronnie,Bucknum,-1064793600,American
406,hawkins,\N,Paul,Hawkins,-1016841600,Australian
407,prophet,\N,David,Prophet,-1017100800,British
408,maggs,\N,Tony,Maggs,-1038009600,South African
409,blokdyk,\N,Trevor,Blokdyk,-1075766400,South African
410,lederle,\N,Neville,Lederle,-986774400,South African
411,serrurier,\N,Doug,Serrurier,-1548288000,South African
412,niemann,\N,Brausch,Niemann,-977788800,South African
413,pieterse,\N,Ernie,Pieterse,-993945600,South African
414,puzey,\N,Clive,Puzey,-898646400,Rhodesian
415,reed,\N,Ray,Reed,-1188864000,South African
416,clapham,\N,David,Clapham,-1218931200,South African
417,blignaut,\N,Alex,Blignaut,-1170374400,South African
418,gregory,\N,Masten,Gregory,-1194134400,American
419,rhodes,\N,John,Rhodes,-1337212800,British
420,raby,\N,Ian,Raby,-1523491200,British
421,rollinson,\N,Alan,Rollinson,-840499200,British
422,gubby,\N,Brian,Gubby,-1126915200,British
423,mitter,\N,Gerhard,Mitter,-1083715200,German
424,bussinello,\N,Roberto,Bussinello,-1333152000,Italian
425,vaccarella,\N,Nino,Vaccarella,-1162252800,Italian
426,bassi,\N,Giorgio,Bassi,-1134432000,Italian
427,trintignant,\N,Maurice,Trintignant,-1646438400,French
428,collomb,\N,Bernard,Collomb,-1238198400,French
429,andre_pilette,\N,André,Pilette,-1616976000,Belgian
430,beaufort,\N,Carel Godin,de Beaufort,-1127520000,Dutch
431,barth,\N,Edgar,Barth,-1670371200,German
432,cabral,\N,Mário de Araújo,Cabral,-1134864000,Portuguese
433,hansgen,\N,Walt,Hansgen,-1583539200,American
434,sharp,\N,Hap,Sharp,-1325462400,American
435,mairesse,\N,Willy,Mairesse,-1301788800,Belgian
436,campbell-jones,\N,John,Campbell-Jones,-1260576000,British
437,burgess,\N,Ian,Burgess,-1246233600,British
438,settember,\N,Tony,Settember,-1372118400,American
439,estefano,\N,Nasif,Estéfano,-1171411200,Argentine
440,hall,\N,Jim,Hall,-1086998400,American
441,parnell,\N,Tim,Parnell,-1184025600,British
442,kuhnke,\N,Kurt,Kuhnke,-1883174400,German
443,ernesto_brambilla,\N,Ernesto,Brambilla,-1133481600,Italian
444,lippi,\N,Roberto,Lippi,-1363564800,Italian
445,seiffert,\N,Günther,Seiffert,-1016323200,German
446,abate,\N,Carlo,Abate,-1182729600,Italian
447,starrabba,\N,Gaetano,Starrabba,-1170115200,Italian
448,broeker,\N,Peter,Broeker,-1376956800,Canadian
449,ward,\N,Rodger,Ward,-1545523200,American
450,vos,\N,Ernie,de Vos,-899510400,Dutch
451,dochnal,\N,Frank,Dochnal,-1553644800,American
452,monarch,\N,Thomas,Monarch,-767750400,American
842,gasly,GAS,Pierre,Gasly,823651200,French
453,lewis,\N,Jackie,Lewis,-1046649600,British
454,ricardo_rodriguez,\N,Ricardo,Rodríguez,-879811200,Mexican
455,seidel,\N,Wolfgang,Seidel,-1372636800,German
456,salvadori,\N,Roy,Salvadori,-1503446400,British
457,pon,\N,Ben,Pon,-1043366400,Dutch
458,slotemaker,\N,Rob,Slotemaker,-1279756800,Dutch
459,marsh,\N,Tony,Marsh,-1213488000,British
460,ashmore,\N,Gerry,Ashmore,-1055203200,British
461,schiller,\N,Heinz,Schiller,-1260230400,Swiss
462,davis,\N,Colin,Davis,-1149552000,British
463,chamberlain,\N,Jay,Chamberlain,-1388793600,American
464,shelly,\N,Tony,Shelly,-1038614400,New Zealander
465,greene,\N,Keith,Greene,-1009497600,British
466,walter,\N,Heini,Walter,-1339027200,Swiss
467,prinoth,\N,Ernesto,Prinoth,-1474243200,Italian
468,penske,\N,Roger,Penske,-1037059200,American
469,schroeder,\N,Rob,Schroeder,-1377302400,British
470,mayer,\N,Timmy,Mayer,-1005350400,American
471,johnstone,\N,Bruce,Johnstone,-1038873600,South African
472,harris,\N,Mike,Harris,-965865600,South African
473,hocking,\N,Gary,Hocking,-1017878400,Rhodesian
474,vyver,\N,Syd,van der Vyver,-1564790400,South African
475,moss,\N,Stirling,Moss,-1271462400,British
476,trips,\N,Wolfgang,von Trips,-1314748800,German
477,allison,\N,Cliff,Allison,-1195948800,British
478,herrmann,\N,Hans,Herrmann,-1320883200,German
479,brooks,\N,Tony,Brooks,-1194480000,British
480,may,\N,Michael,May,-1116288000,Swiss
481,henry_taylor,\N,Henry,Taylor,-1168992000,British
482,gendebien,\N,Olivier,Gendebien,-1450742400,Belgian
483,scarlatti,\N,Giorgio,Scarlatti,-1522627200,Italian
484,naylor,\N,Brian,Naylor,-1476144000,British
485,bordeu,\N,Juan Manuel,Bordeu,-1133740800,Argentine
486,fairman,\N,Jack,Fairman,-1792454400,British
487,natili,\N,Massimo,Natili,-1086566400,Italian
488,monteverdi,\N,Peter,Monteverdi,-1122508800,Swiss
489,pirocchi,\N,Renato,Pirocchi,-1160352000,Italian
490,duke,\N,Geoff,Duke,-1475712000,British
491,thiele,\N,Alfonso,Thiele,-1569715200,American-Italian
492,boffa,\N,Menato,Boffa,-1262044800,Italian
493,ryan,\N,Peter,Ryan,-932860800,Canadian
494,ruby,\N,Lloyd,Ruby,-1324512000,American
495,ken_miles,\N,Ken,Miles,-1614729600,British
496,menditeguy,\N,Carlos,Menditeguy,-1748131200,Argentine
497,larreta,\N,Alberto Rodriguez,Larreta,-1134950400,Argentine
498,gonzalez,\N,José Froilán,González,-1490832000,Argentine
499,bonomi,\N,Roberto,Bonomi,-1585958400,Argentine
500,munaron,\N,Gino,Munaron,-1317513600,Italian
501,schell,\N,Harry,Schell,-1530835200,American
502,stacey,\N,Alan,Stacey,-1146873600,British
503,chimeri,\N,Ettore,Chimeri,-1532995200,Venezuelan
504,creus,\N,Antonio,Creus,-1425686400,Spanish
505,bristow,\N,Chris,Bristow,-1012435200,British
506,halford,\N,Bruce,Halford,-1218931200,British
507,daigh,\N,Chuck,Daigh,-1454544000,American
508,reventlow,\N,Lance,Reventlow,-1068336000,American
509,rathmann,\N,Jim,Rathmann,-1308441600,American
510,goldsmith,\N,Paul,Goldsmith,-1396396800,American
511,branson,\N,Don,Branson,-1564704000,American
512,thomson,\N,Johnny,Thomson,-1506297600,American
513,johnson,\N,Eddie,Johnson,-1606003200,American
514,veith,\N,Bob,Veith,-1362268800,American
515,tingelstad,\N,Bud,Tingelstad,-1317340800,American
516,christie,\N,Bob,Christie,-1443571200,American
517,amick,\N,Red,Amick,-1292284800,American
518,darter,\N,Duane,Carter,-1788048000,American
519,homeier,\N,Bill,Homeier,-1620086400,American
520,hartley,\N,Gene,Hartley,-1386201600,American
521,stevenson,\N,Chuck,Stevenson,-1584662400,American
522,grim,\N,Bobby,Grim,-1430352000,American
523,templeman,\N,Shorty,Templeman,-1590192000,American
524,hurtubise,\N,Jim,Hurtubise,-1169942400,American
525,bryan,\N,Jimmy,Bryan,-1386201600,American
526,ruttman,\N,Troy,Ruttman,-1256342400,American
527,sachs,\N,Eddie,Sachs,-1344297600,American
528,freeland,\N,Don,Freeland,-1412899200,American
529,bettenhausen,\N,Tony,Bettenhausen,-1682121600,American
530,weiler,\N,Wayne,Weiler,-1106524800,American
531,foyt,\N,Anthony,Foyt,-1103241600,American
532,russo,\N,Eddie,Russo,-1392249600,American
533,boyd,\N,Johnny,Boyd,-1368662400,American
534,force,\N,Gene,Force,-1689811200,American
535,mcwithey,\N,Jim,McWithey,-1341100800,American
536,sutton,\N,Len,Sutton,-1401062400,American
537,dick_rathmann,\N,Dick,Rathmann,-1451260800,American
538,herman,\N,Al,Herman,-1350691200,American
539,dempsey_wilson,\N,Dempsey,Wilson,-1351036800,American
540,mike_taylor,\N,Mike,Taylor,-1126310400,British
541,flockhart,\N,Ron,Flockhart,-1468886400,British
542,piper,\N,David,Piper,-1233360000,British
543,cabianca,\N,Giulio,Cabianca,-1478995200,Italian
544,drogo,\N,Piero,Drogo,-1369612800,Italian
545,gamble,\N,Fred,Gamble,-1192665600,American
546,owen,\N,Arthur,Owen,-1728691200,British
547,gould,\N,Horace,Gould,-1618358400,British
548,drake,\N,Bob,Drake,-1579478400,American
549,bueb,\N,Ivor,Bueb,-1469750400,British
550,Changy,\N,Alain,de Changy,-1511740800,Belgian
551,filippis,\N,Maria,de Filippis,-1361404800,Italian
552,lucienbonnet,\N,Jean,Lucienbonnet,-1482710400,French
553,testut,\N,André,Testut,-1379721600,Monegasque
554,behra,\N,Jean,Behra,-1542326400,French
555,paul_russo,\N,Paul,Russo,-1758672000,American
556,daywalt,\N,Jimmy,Daywalt,-1430956800,American
557,arnold,\N,Chuck,Arnold,-1375660800,American
558,keller,\N,Al,Keller,-1569196800,American
559,flaherty,\N,Pat,Flaherty,-1388102400,American
560,cheesbourg,\N,Bill,Cheesbourg,-1343001600,American
561,ray_crawford,\N,Ray,Crawford,-1709942400,American
562,turner,\N,Jack,Turner,-1574294400,American
563,weyant,\N,Chuck,Weyant,-1475280000,American
564,larson,\N,Jud,Larson,-1481500800,American
565,magill,\N,Mike,Magill,-1574640000,American
566,shelby,\N,Carroll,Shelby,-1482364800,American
567,orey,\N,Fritz,d'Orey,-1002672000,Brazilian
568,fontes,\N,Azdrubal,Fontes,-1483747200,Uruguayan
569,ashdown,\N,Peter,Ashdown,-1111190400,British
570,bill_moss,\N,Bill,Moss,-1146355200,British
571,dennis_taylor,\N,Dennis,Taylor,-1532304000,British
572,blanchard,\N,Harry,Blanchard,-1279756800,American
573,tomaso,\N,Alessandro,de Tomaso,-1308960000,Argentine-Italian
574,constantine,\N,George,Constantine,-1636502400,American
575,said,\N,Bob,Said,-1188432000,American
576,cade,\N,Phil,Cade,-1690070400,American
577,musso,\N,Luigi,Musso,-1433635200,Italian
578,hawthorn,\N,Mike,Hawthorn,-1285286400,British
579,fangio,\N,Juan,Fangio,-1846886400,Argentine
580,godia,\N,Paco,Godia,-1539475200,Spanish
581,collins,\N,Peter,Collins,-1204070400,British
582,kavanagh,\N,Ken,Kavanagh,-1453420800,Australian
583,gerini,\N,Gerino,Gerini,-1306281600,Italian
584,kessler,\N,Bruce,Kessler,-1065916800,American
585,emery,\N,Paul,Emery,-1676851200,British
586,piotti,\N,Luigi,Piotti,-1772928000,Italian
587,ecclestone,\N,Bernie,Ecclestone,-1236384000,British
588,taramazzo,\N,Luigi,Taramazzo,-1188432000,Italian
589,chiron,\N,Louis,Chiron,-2222035200,Monegasque
590,lewis-evans,\N,Stuart,Lewis-Evans,-1252886400,British
591,george_amick,\N,George,Amick,-1426032000,American
592,reece,\N,Jimmy,Reece,-1266192000,American
593,parsons,\N,Johnnie,Parsons,-1625097600,American
594,tolan,\N,Johnnie,Tolan,-1647129600,American
595,garrett,\N,Billy,Garrett,-1157846400,American
596,elisian,\N,Ed,Elisian,-1358985600,American
597,connor,\N,Pat,O'Connor,-1301097600,American
598,jerry_unser,\N,Jerry,Unser,-1171670400,American
599,bisch,\N,Art,Bisch,-1361491200,American
600,goethals,\N,Christian,Goethals,-1306800000,Belgian
601,gibson,\N,Dick,Gibson,-1631923200,British
602,la_caze,\N,Robert,La Caze,-1667692800,French
603,guelfi,\N,André,Guelfi,-1598659200,French
604,picard,\N,François,Picard,-1536364800,French
605,bridger,\N,Tom,Bridger,-1121040000,British
606,portago,\N,Alfonso,de Portago,-1300924800,Spanish
607,perdisa,\N,Cesare,Perdisa,-1173830400,Italian
608,castellotti,\N,Eugenio,Castellotti,-1237939200,Italian
609,simon,\N,André,Simon,-1577577600,French
610,leston,\N,Les,Leston,-1547683200,British
611,hanks,\N,Sam,Hanks,-1750550400,American
612,linden,\N,Andy,Linden,-1506643200,American
613,teague,\N,Marshall,Teague,-1541808000,American
614,edmunds,\N,Don,Edmunds,-1239408000,American
615,agabashian,\N,Fred,Agabashian,-1778716800,American
616,george,\N,Elmer,George,-1308528000,American
617,macdowel,\N,Mike,MacDowel,-1177113600,British
618,mackay-fraser,\N,Herbert,MacKay-Fraser,-1342051200,American
619,gerard,\N,Bob,Gerard,-1765670400,British
620,maglioli,\N,Umberto,Maglioli,-1311984000,Italian
621,england,\N,Paul,England,-1286409600,Australian
622,landi,\N,Chico,Landi,-1971388800,Brazilian
623,uria,\N,Alberto,Uria,-1435104000,Uruguayan
624,ramos,\N,Hernando,da Silva Ramos,-1390694400,Brazilian
625,bayol,\N,Élie,Bayol,-1762214400,French
626,manzon,\N,Robert,Manzon,-1663804800,French
627,rosier,\N,Louis,Rosier,-2024611200,French
628,sweikert,\N,Bob,Sweikert,-1376524800,American
629,griffith,\N,Cliff,Griffith,-1701043200,American
630,dinsmore,\N,Duke,Dinsmore,-1790208000,American
631,andrews,\N,Keith,Andrews,-1563580800,American
632,frere,\N,Paul,Frère,-1670025600,Belgian
633,villoresi,\N,Luigi,Villoresi,-1913328000,Italian
634,scotti,\N,Piero,Scotti,-1897862400,Italian
635,chapman,\N,Colin,Chapman,-1313452800,British
636,titterington,\N,Desmond,Titterington,-1315008000,British
637,scott_Brown,\N,Archie,Scott Brown,-1345593600,British
638,volonterio,\N,Ottorino,Volonterio,-1643155200,Swiss
639,milhoux,\N,André,Milhoux,-1295827200,Belgian
640,graffenried,\N,Toulo,de Graffenried,-1755388800,Swiss
641,taruffi,\N,Piero,Taruffi,-1995148800,Italian
642,farina,\N,Nino,Farina,-1993593600,Italian
643,mieres,\N,Roberto,Mieres,-1422576000,Argentine
644,mantovani,\N,Sergio,Mantovani,-1281657600,Italian
645,bucci,\N,Clemar,Bucci,-1556582400,Argentine
646,iglesias,\N,Jesús,Iglesias,-1510272000,Argentine
647,ascari,\N,Alberto,Ascari,-1624320000,Italian
648,kling,\N,Karl,Kling,-1871164800,German
649,birger,\N,Pablo,Birger,-1451174400,Argentine
650,pollet,\N,Jacques,Pollet,-1499040000,French
651,macklin,\N,Lance,Macklin,-1588377600,British
652,whiteaway,\N,Ted,Whiteaway,-1299110400,British
653,davies,\N,Jimmy,Davies,-1274918400,American
654,faulkner,\N,Walt,Faulkner,-1573948800,American
655,niday,\N,Cal,Niday,-1757030400,American
656,cross,\N,Art,Cross,-1639008000,American
657,vukovich,\N,Bill,Vukovich,-1611100800,American
658,mcgrath,\N,Jack,McGrath,-1585267200,American
659,hoyt,\N,Jerry,Hoyt,-1291420800,American
660,claes,\N,Johnny,Claes,-1684886400,Belgian
661,peter_walker,\N,Peter,Walker,-1806192000,British
662,sparken,\N,Mike,Sparken,-1247961600,French
663,wharton,\N,Ken,Wharton,-1697241600,British
664,mcalpine,\N,Kenneth,McAlpine,-1555113600,British
665,marr,\N,Leslie,Marr,-1495324800,British
666,rolt,\N,Tony,Rolt,-1616112000,British
667,fitch,\N,John,Fitch,-1653955200,American
668,lucas,\N,Jean,Lucas,-1662681600,French
669,bira,\N,Prince,Bira,-1750377600,Thai
670,marimon,\N,Onofre,Marimón,-1452816000,Argentine
671,loyer,\N,Roger,Loyer,-1969488000,French
672,daponte,\N,Jorge,Daponte,-1469836800,Argentine
673,nazaruk,\N,Mike,Nazaruk,-1522627200,American
674,crockett,\N,Larry,Crockett,-1363046400,American
675,ayulo,\N,Manny,Ayulo,-1521072000,American
676,armi,\N,Frank,Armi,-1616457600,American
677,webb,\N,Travis,Webb,-1869264000,American
678,duncan,\N,Len,Duncan,-1844208000,American
679,mccoy,\N,Ernie,McCoy,-1542067200,American
680,swaters,\N,Jacques,Swaters,-1362441600,American
681,georges_berger,\N,Georges,Berger,-1618876800,Belgian
682,beauman,\N,Don,Beauman,-1307577600,British
683,thorne,\N,Leslie,Thorne,-1689120000,British
684,whitehouse,\N,Bill,Whitehouse,-1917216000,British
685,riseley_prichard,\N,John,Riseley-Prichard,-1450310400,British
686,reg_parnell,\N,Reg,Parnell,-1846195200,British
687,whitehead,\N,Peter,Whitehead,-1740009600,British
688,brandon,\N,Eric,Brandon,-1560729600,British
689,alan_brown,\N,Alan,Brown,-1581552000,British
690,nuckey,\N,Rodney,Nuckey,-1278633600,British
691,lang,\N,Hermann,Lang,-1916784000,German
692,helfrich,\N,Theo,Helfrich,-1787356800,German
693,wacker,\N,Fred,Wacker,-1624579200,American
694,riu,\N,Giovanni,de Riu,-1414195200,Italian
695,galvez,\N,Oscar,Gálvez,-1779062400,Argentine
696,john_barber,\N,John,Barber,-1276387200,British
697,bonetto,\N,Felice,Bonetto,-2100643200,Italian
698,cruz,\N,Adolfo,Cruz,-1467849600,Argentine
699,nalon,\N,Duke,Nalon,-1793577600,American
700,scarborough,\N,Carl,Scarborough,-1751414400,American
701,holland,\N,Bill,Holland,-1957824000,American
702,bob_scott,\N,Bob,Scott,-1301529600,American
703,legat,\N,Arthur,Legat,-2245795200,Belgian
704,cabantous,\N,Yves,Cabantous,-2058566400,French
705,crook,\N,Tony,Crook,-1573948800,British
706,jimmy_stewart,\N,Jimmy,Stewart,-1225238400,British
707,ian_stewart,\N,Ian,Stewart,-1276992000,British
708,duncan_hamilton,\N,Duncan,Hamilton,-1567555200,British
709,klodwig,\N,Ernst,Klodwig,-2102112000,East German
710,krause,\N,Rudolf,Krause,-1980547200,East German
711,karch,\N,Oswald,Karch,-1667001600,German
712,heeks,\N,Willi,Heeks,-1511049600,German
713,fitzau,\N,Theo,Fitzau,-1479772800,East German
714,adolff,\N,Kurt,Adolff,-1519689600,German
715,bechem,\N,Günther,Bechem,-1515715200,German
716,bauer,\N,Erwin,Bauer,-1813276800,German
717,hans_stuck,\N,Hans,von Stuck,-2177884800,German
718,loof,\N,Ernst,Loof,-1972252800,German
719,scherrer,\N,Albert,Scherrer,-1951603200,Swiss
720,terra,\N,Max,de Terra,-1616976000,Swiss
721,hirt,\N,Peter,Hirt,-1885852800,Swiss
722,carini,\N,Piero,Carini,-1540771200,Italian
723,fischer,\N,Rudi,Fischer,-1820966400,Swiss
724,ulmen,\N,Toni,Ulmen,-2017612800,German
725,abecassis,\N,George,Abecassis,-1791936000,British
726,george_connor,\N,George,Connor,-2000073600,American
727,rigsby,\N,Jim,Rigsby,-1469750400,American
728,james,\N,Joe,James,-1407801600,American
729,schindler,\N,Bill,Schindler,-1919462400,American
730,fonder,\N,George,Fonder,-1657670400,American
731,banks,\N,Henry,Banks,-1784592000,American
732,mcdowell,\N,Johnny,McDowell,-1733270400,American
733,miller,\N,Chet,Miller,-2128723200,American
734,ball,\N,Bobby,Ball,-1399593600,American
735,tornaco,\N,Charles,de Tornaco,-1343433600,Belgian
736,laurent,\N,Roger,Laurent,-1794355200,Belgian
737,obrien,\N,Robert,O'Brien,-1947888000,American
738,gaze,\N,Tony,Gaze,-1575072000,Australian
739,charrington,\N,Robin,Montgomerie-Charrington,-1720742400,British
740,comotti,\N,Franco,Comotti,-2002060800,Italian
741,etancelin,\N,Philippe,Étancelin,-2303942400,French
742,poore,\N,Dennis,Poore,-1684195200,British
743,thompson,\N,Eric,Thompson,-1582934400,British
744,downing,\N,Ken,Downing,-1643328000,British
745,graham_whitehead,\N,Graham,Whitehead,-1505779200,British
746,bianco,\N,Gino,Bianco,-1686614400,Brazilian
747,murray,\N,David,Murray,-1893801600,British
748,cantoni,\N,Eitel,Cantoni,-1995840000,Uruguayan
749,aston,\N,Bill,Aston,-2201472000,British
750,brudes,\N,Adolf,Brudes,-2215728000,German
751,riess,\N,Fritz,Riess,-1498262400,German
752,niedermayr,\N,Helmut,Niedermayr,-1707004800,German
753,klenk,\N,Hans,Klenk,-1583539200,German
754,balsa,\N,Marcel,Balsa,-1924992000,French
755,schoeller,\N,Rudolf,Schoeller,-2135894400,Swiss
756,pietsch,\N,Paul,Pietsch,-1847232000,German
757,peters,\N,Josef,Peters,-1744934400,German
758,lof,\N,Dries,van der Lof,-1589241600,Dutch
759,flinterman,\N,Jan,Flinterman,-1585785600,Dutch
760,dusio,\N,Piero,Dusio,-2215900800,Italian
761,crespo,\N,Alberto,Crespo,-1576627200,Argentine
762,rol,\N,Franco,Rol,-1943136000,Italian
763,sanesi,\N,Consalvo,Sanesi,-1854489600,Italian
764,guy_mairesse,\N,Guy,Mairesse,-1874361600,French
765,louveau,\N,Henri,Louveau,-1891382400,French
766,wallard,\N,Lee,Wallard,-1871942400,American
767,forberg,\N,Carl,Forberg,-1856563200,American
768,rose,\N,Mauri,Rose,-2007158400,American
769,mackey,\N,Bill,Mackey,-1326931200,American
770,green,\N,Cecil,Green,-1585958400,American
771,walt_brown,\N,Walt,Brown,-1830556800,American
772,hellings,\N,Mack,Hellings,-1713571200,American
773,levegh,\N,Pierre,Levegh,-2020550400,French
774,chaboud,\N,Eugène,Chaboud,-1979424000,French
775,gordini,\N,Aldo,Gordini,-1534291200,French
776,kelly,\N,Joe,Kelly,-1792627200,Irish
777,parker,\N,Philip,Fotheringham-Parker,-1965340800,British
778,shawe_taylor,\N,Brian,Shawe Taylor,-1733356800,British
779,john_james,\N,John,James,-1756080000,British
780,branca,\N,Toni,Branca,-1681862400,Swiss
781,richardson,\N,Ken,Richardson,-1841875200,British
782,jover,\N,Juan,Jover,-2086214400,Spanish
783,grignard,\N,Georges,Grignard,-2033510400,French
784,hampshire,\N,David,Hampshire,-1641254400,British
785,crossley,\N,Geoff,Crossley,-1535068800,British
786,fagioli,\N,Luigi,Fagioli,-2258323200,Italian
787,harrison,\N,Cuth,Harrison,-2003616000,British
788,fry,\N,Joe,Fry,-1709942400,British
789,martin,\N,Eugène,Martin,-1728604800,French
790,leslie_johnson,\N,Leslie,Johnson,-1823385600,British
791,biondetti,\N,Clemente,Biondetti,-2252275200,Italian
792,pian,\N,Alfredo,Pián,-1804982400,Argentine
793,sommer,\N,Raymond,Sommer,-1998777600,French
794,chitwood,\N,Joie,Chitwood,-1821398400,American
795,fohr,\N,Myron,Fohr,-1815868800,American
796,ader,\N,Walt,Ader,-1768694400,American
797,holmes,\N,Jackie,Holmes,-1556582400,American
798,levrett,\N,Bayliss,Levrett,-1763424000,American
799,jackson,\N,Jimmy,Jackson,-1875744000,American
800,pagani,\N,Nello,Pagani,-1837468800,Italian
801,pozzi,\N,Charles,Pozzi,-1904428800,French
802,serafini,\N,Dorino,Serafini,-1907539200,Italian
803,cantrell,\N,Bill,Cantrell,-1954022400,American
804,mantz,\N,Johnny,Mantz,-1618531200,American
805,kladis,\N,Danny,Kladis,-1669075200,American
806,oscar_gonzalez,\N,Óscar,González,-1456185600,Uruguayan
807,hulkenberg,HUL,Nico,Hülkenberg,556329600,German
808,petrov,PET,Vitaly,Petrov,463449600,Russian
810,grassi,DIG,Lucas,di Grassi,461030400,Brazilian
811,bruno_senna,SEN,Bruno,Senna,435024000,Brazilian
812,chandhok,CHA,Karun,Chandhok,443318400,Indian
813,maldonado,MAL,Pastor,Maldonado,479174400,Venezuelan
814,resta,DIR,Paul,di Resta,513993600,British
815,perez,PER,Sergio,Pérez,633312000,Mexican
816,ambrosio,DAM,Jérôme,d'Ambrosio,504489600,Belgian
817,ricciardo,RIC,Daniel,Ricciardo,615254400,Australian
818,vergne,VER,Jean-Éric,Vergne,641001600,French
819,pic,PIC,Charles,Pic,635040000,French
820,chilton,CHI,Max,Chilton,672192000,British
821,gutierrez,GUT,Esteban,Gutiérrez,681350400,Mexican
822,bottas,BOT,Valtteri,Bottas,620265600,Finnish
823,garde,VDG,Giedo,van der Garde,483235200,Dutch
824,jules_bianchi,BIA,Jules,Bianchi,618105600,French
825,kevin_magnussen,MAG,Kevin,Magnussen,718243200,Danish
826,kvyat,KVY,Daniil,Kvyat,767318400,Russian
827,lotterer,LOT,André,Lotterer,374976000,German
828,ericsson,ERI,Marcus,Ericsson,652233600,Swedish
829,stevens,STE,Will,Stevens,678067200,British
830,max_verstappen,VER,Max,Verstappen,875577600,Dutch
831,nasr,NAS,Felipe,Nasr,714355200,Brazilian
832,sainz,SAI,Carlos,Sainz,778377600,Spanish
833,merhi,MER,Roberto,Merhi,669600000,Spanish
834,rossi,RSS,Alexander,Rossi,685756800,American
835,jolyon_palmer,PAL,Jolyon,Palmer,664329600,British
836,wehrlein,WEH,Pascal,Wehrlein,782438400,German
837,haryanto,HAR,Rio,Haryanto,727660800,Indonesian
838,vandoorne,VAN,Stoffel,Vandoorne,701568000,Belgian
839,ocon,OCO,Esteban,Ocon,842918400,French
840,stroll,STR,Lance,Stroll,909619200,Canadian
841,giovinazzi,GIO,Antonio,Giovinazzi,755827200,Italian
843,brendon_hartley,HAR,Brendon,Hartley,626659200,New Zealander
844,leclerc,LEC,Charles,Leclerc,876960000,Monegasque
845,sirotkin,SIR,Sergey,Sirotkin,809481600,Russian
846,norris,NOR,Lando,Norris,942451200,British
847,russell,RUS,George,Russell,887500800,British
848,albon,ALB,Alexander,Albon,827539200,Thai
849,latifi,LAT,Nicholas,Latifi,804384000,Canadian
850,pietro_fittipaldi,FIT,Pietro,Fittipaldi,835660800,Brazilian
851,aitken,AIT,Jack,Aitken,811814400,British
852,tsunoda,TSU,Yuki,Tsunoda,958003200,Japanese
853,mazepin,MAZ,Nikita,Mazepin,920332800,Russian
854,mick_schumacher,MSC,Mick,Schumacher,922060800,German
855,zhou,ZHO,Guanyu,Zhou,928022400,Chinese
856,de_vries,DEV,Nyck,de Vries,792028800,Dutch
857,piastri,PIA,Oscar,Piastri,986515200,Australian
858,sargeant,SAR,Logan,Sargeant,978220800,American
